"# of Use","# จำนวนที่ใช้"
"%1$s incl tax.","%1$s รวมภาษี."
"%s - %s","%s - %s"
"%s Item(s)","%s รายการ(s)"
"(Copy data from: %s)","(คัดลอกข้อมูลจาก: %s)"
"(Will make search for the query above return results for this search.)","(จะทำการค้นหาจาก Query ด้านบนแล้วนำผลลัพธ์ที่ได้กลับมายังการค้นหา.)"
"* Required Fields","* ต้องการฟิลด์นี้"
"-- Please Select --","-- กรุณาเลือก--"
"A name is required","ต้องใส่ชื่อให้ระบบ"
"ALL GROUPS","ทุกกลุ่ม"
"AM","AM"
"Action","การกระทำ"
"Add Attribute","เพิ่มคุณลักษณะ"
"Add Design Change","เพิ่มการเปลี่ยนแปลงดีไซน์"
"Add Group","เพิ่มกลุ่ม"
"Add Items to Cart","เพิ่มรายการไปยังรถเข็น"
"Add New","เพิ่มใหม่"
"Add New Attribute","เพิ่่มคุณลักษณะใหม่"
"Add New Attribute Set","เพิ่มชุดคุณลักษณะใหม่"
"Add New Group","เพิ่มกลุ่มใหม่"
"Add New Images","เพิ่มรุปภาพใหม่"
"Add New Option","เพิ่มตัวเลือกใหม่"
"Add New Row","เพิ่มแถวใหม่"
"Add New Search Term","เพิ่มการค้นหาใหม่"
"Add New Set","เพิ่มชุดสินค้าใหม่"
"Add Option","เพิ่มตัวเลือก"
"Add Product","เพิ่มสินค้า"
"Add Product To Websites","เพิ่่มสินค้าไปยังเว็บไซต์"
"Add Root Category","Add Root Category"
"Add Subcategory","Add Subcategory"
"Add Tax","Add Tax"
"Add Tier","เพิ่มระดับ"
"Add to Cart","เพิ่มในรถเข็น"
"Add to Compare","เพิ่มไปเปรียบเทียบ"
"Add to Wishlist","เพิ่มไปยัง Wishlist"
"Additional Information","ข้อมูลที่เพิ่มขึ้น"
"All","ทั้งหมด"
"All Product Types","ประเภทสินค้าทั้งหมด"
"All products of this set will be deleted! Are you sure you want to delete this attribute set?","สินค้าทั้งหมดในชุดนี้จะถูกลบ! คุณแน่ใจว่าต้องการลบชุดคุณลักษณะนี้?"
"Allow HTML-tags on Front-end","Allow HTML-tags on Front-end"
"Allowed File Extensions","ไฟล์นามสกุลที่อนุญาต"
"Allowed file extensions to upload","ไฟล์นามสกุลที่อนุญาตให้อัพโหลด"
"Amount","ผลรวม"
"Apply To","ใช้งานไปยัง"
"Apply To Configurable/Grouped Product","ใช้งานไปยัง  กราตั้งค่า/กลุ่มสินค้า"
"Approved","อนุมัติ"
"Are you sure you want to delete this category?","คุณแน่ใจว่าต้องการลบประเภทนี้?"
"Are you sure you would like to remove all products from your comparison?","คุณแน่ใจว่าต้องการลบสินค้าทั้งหมดจากรายการเปรียบเทียบสินค้า?"
"Are you sure you would like to remove this item from the compare products?","คุณแน่ใจว่าต้องการลบรายการนี้จากรายการเปรียบเทียบสินค้า?"
"Are you sure?","คุณแน่ใจ?"
"As low as:","ต่ำเท่ากับ:"
"Assign","ระบุ"
"Assign product link","ระบุลิงค์สินค้า"
"Assign product to category","ระบุสินค้าไปยังประเภท"
"Assigned Products","ระบุสินค้า"
"Associated Products","สินค้าที่เกี่ยวข้องกัน"
"Attrib. Set Name","ชื่อชุดคุณลักษณะสินค้า"
"Attribute ""%s"" is required","คุณลักษณะ ""%s"" ต้องมี"
"Attribute Code","รหัสคุณลักษณะ"
"Attribute Information","ข้อมูลคุณลักษณะ"
"Attribute Label","ป้ายคุณลักษณะ"
"Attribute Model","แบบคูณลักษณะ"
"Attribute Name:","ชื่อคูณลักษณะ:"
"Attribute Properties","คุณสมบัติของคุณลักษณะ"
"Attribute Set","ชุดคุณลักษณะ"
"Attribute group with the \"/name/\" name already exists","Attribute group with the \"/name/\" name already exists"
"Attribute model not defined","แบบคุณลักษณะไม่ได้กำหนด"
"Attribute with the same code already exists","มีคุณลักษณะที่ใช้โค้ดเดียวกันอยู่แล้ว"
"Attributes","คุณลักษณะ"
"Attrribute names can be specified per store.","ชื่อคุณลักษณะสามารถระบุในแต่ละร้านค้า."
"Autogenerate","สร้างอัตโนมัติ"
"Availability","สินค้าที่มี"
"Availability: In stock.","มีสินค้า."
"Availability: Out of stock.","ไม่มีสินค้า."
"Back","กลับ"
"Backend Model","แบบส่วนหลัง"
"Backend Table","ตารางส่วนหลัง"
"Backend Table Title","หัวข้อตารางส่วนหลัง"
"Backorders","คำสั่งซื้อล่วงหน้า"
"Base directory to upload image file is not specified","ไดเ็ร็คทอรี่พื้นฐานที่จะอัฟโหลด ไฟล์รูปภาพไม่ได้กำหนด"
"Based On","อยู่บนพื้นฐานของ"
"Best Value","ความนิยมมากที่สุด"
"Block after Info Column","บล็อคหลังจากข้อมูลคอลัมม์"
"Bottom/Left","ล่าง/ซ้าย"
"Bottom/Right","ล่าง/ขวา"
"Browse By","ค้นหาโดย"
"Buy %1$s for %2$s","ซื้ิอ %1$s ในราคา %2$s"
"Buy %1$s for %2$s (%3$s incl. tax) each","ซื้ิอ %1$s ในราคา %2$s (%3$s รวมภาษี) ต่อชิ้น"
"Buy %1$s for %2$s each","ซื้ิอ %1$s ในราคา %2$s ต่อชิ้น"
"Can be used only with catalog input type Dropdown","สามารถใช้ได้เฉพาะกับรายการสินค้าที่มีการนำเข้าข้อมูลแบบดรอปดาวน์"
"Can be used only with catalog input type Dropdown, Multiple Select and Price","สามารถใช้ได้เฉพาะกับรายการสินค้าที่มีการนำเข้าข้อมูลแบบดรอปดาวน์, และเลือกหลายราคา"
"Can\'t create image.","ไม่สามารถสร้างรูปภาพ."
"Cannot create writeable directory '%s'","ไม่สามารถสร้างไดเรกทอรี writeable '%s'"
"Cart Item Attribute","คุณลักษณะรายการรถเข็น"
"Catalog","รายการสินค้า"
"Catalog Input Type for Store Owner","ประเภทการนำเข้าข้อมูลจากรายการสินค้าสำหรับเจ้าของร้าน"
"Catalog Price Scope","ขอบเขตราคารายการสินค้า"
"Catalog Section","กลุ่มรายการสินค้า"
"Catalog, Search","รายการสินค้า, ค้นหา"
"Categories","ประเภท"
"Categories Sitemap","แผนผังเว็บไซต์"
"Category","ประเภท"
"Category API","ประเภท API"
"Category Data","ข้อมูลประเภท"
"Category Navigation:","การควบคุมประเภท"
"Category Products","ประเภทสินค้า"
"Category Top Navigation","Category Top Navigation"
"Category URL Suffix","คำต่อท้ายประเภท URL "
"Category attributes API","คุณลักษณะประเภท API"
"Category delete error","ข้อผิดพลาดในการลบประเภท"
"Category deleted","ลบประเภทแล้ว"
"Category move error","เกิดข้อผิดพลาดในการย้ายประเภท"
"Category must be instance of Mage_Catalog_Model_Category","ต้องยกตัวอย่างประเภทสินค้าเช่น  Mage_Catalog_Model_Category"
"Category saved","บันทึกประเภท"
"Change","เปลี่ยนแปลง"
"Change or Retrieve attribute store view","เปลี่ยนแปลง หรือ เรียกข้อมูล คุณลักษณะมุมมองร้านค้า"
"Change status","เปลี่ยนแปลงสถานะ"
"Check items to add to the cart or ","ตรวจสอบรายการก่อนใส่รถเข็น "
"Choose an Option...","เลือกตัวเลือก..."
"Choose option...","เลือกตัวเลือก..."
"Clear All","ล้างทั้งหมด"
"Clear All Items","ล้างทุกรายการ"
"Close Window","ปิดหน้าต่าง"
"Collapse All","ยุบทั้งหมด"
"Comparable","เปรียบเทียบได้"
"Comparable on Front-end","สามารถเปรียบเทียบได้ในด้านหน้า"
"Compare Items","เปรียบเทียบรายการสินค้า"
"Compare Products","เปรียบเทียบสินค้า"
"Compare Products (%d)","เปรียบเทียบสินค้า (%d)"
"Compare Products - %d Items","เปรียบเทียบสินค้า- %d รายการ"
"Compare Products List","รายการเปรียบเทียบสินค้า"
"Compare list successfully cleared","เปรียบเทียบรายการสำเร็จ"
"Conditions Combination","การรวมเงื่อนไข"
"Configurable Product","สินค้าที่ปรับแต่งได้"
"Configurable Product Settings","ตั้งค่าสินค้าที่ปรับแต่งได้"
"Continue","ดำเนินการต่อ"
"Copy From Configurable","คัดลอกจากสิ่งที่แก้ไขได้"
"Country/State","ประเทศ/จังหวัด"
"Create","สร้าง"
"Create (Upload)","สร้าง (อัพโหลด)"
"Create Empty","ไม่มีการสร้าง"
"Create Product Settings","สร้างการตั้งค่าสินค้า"
"Create Simple Associated Product","สร้างตัวอย่างที่เกี่ยวข้องกับสินค้า"
"Create new category","สร้างประเภทใหม่"
"Create new product","สร้างสินค้าใหม่"
"Cross-sells","Cross-sells"
"Currently Shopping by","ขณะนี้ทำการเลือกซื้อโดย"
"Custom Design","ออกแบบให้เหมาะสม"
"Custom Options","ตัวเลือกลูกค้า"
"Customer Group","กลุ่มลูกค้า"
"Customers Reviews","บทวิจารณ์ของลูกค้า"
"Customers Tagged Product","Tag สินค้าลูกค้า"
"Customers for alert %s was successfuly added to queue","เพิ่มลูกค้าสำหรับการแจ้งเตือน %s ลงในคิวแล้ว"
"Data Type for Saving in Database","ประเภทของข้อมูลที่จะบันทึกลงในฐานข้อมูล"
"Date","วันที่"
"Date & Time Custom Options","วันที่ & เวลาที่กำหนดเอง"
"Date Subscribed","วันที่สมัครสมาชิก"
"Date fields order","ฟิลด์วันที่สั้งซื้อ"
"Datetime","วันเวลา"
"Decimal","ทศนิยม"
"Decimal Number","จำนวนทศนิยม"
"Declare attribute value saving scope","แจ้งขอบเขตการบันทึกค่าคุณลักษณะ"
"Default Qty","จำนวนค่าเริ่มต้น"
"Default Values","ค่าเริ่มต้น"
"Default price","ราคาที่เป็นค่าเริ่มต้น"
"Default value","ค่าเริ่มต้น"
"Delete","ลบ"
"Delete Attribute","ลบคุณลักษณะ"
"Delete Attribute Set","ลบชุดคุณลักษณะ"
"Delete Category","ลบประเภท"
"Delete Option","ลบตัวเลือก"
"Delete Row","ลบแถว"
"Delete Search","ลบการค้นหา"
"Delete Selected Group","ลบกลุ่มที่เลือก"
"Delete category","ลบประเภท"
"Delete product","ลบสินค้า"
"Depends on design theme","ขึ้นอยู่กับการออกแบบธีม"
"Design","ดีไซน์"
"Disabled","ปิดการใช้งาน"
"Display in Suggested Terms","แสดงในคำที่แนะนำ"
"Double click on a group to rename it","ดับเบิ้ลคลิ๊กที่กลุ่มเพื่อทำการแก้ไขชื่อ"
"Double click on above image to view full picture","ดับเบิ้ลคลิกที่บนรูปภาพเพื่อดูรูปภาพขนาดจริง"
"Dropdown","ดรอปดาวน์"
"Duplicate","ทำสำเนา"
"Duplicate amount found.","ทำสำเนาจำนวนที่พบ."
"Duplicate website tier price customer group and quantity.","จำลองเว็บไซต์ระดับราคาของกลุ่มลูกค้าและปริมาณ."
"Duplicate website, country and state tax found.","Duplicate website, country and state tax found."
"Edit","แก้ไข"
"Edit Attribute Set '%s'","แก้ไขชุดคุณลักษณะ '%s'"
"Edit Product Attribute","แก้ไขคุณลักษณะสินค้า"
"Edit Product Attribute""%s""","แก้ไขคุณลักษณะสินค้า""%s"""
"Edit Search","แก้ไขการค้นหา"
"Edit Search '%s'","แก้ไขการค้นหา '%s'"
"Email","อีเมลล์"
"Email template is not specified by administrator","เทมเพลตอีเมลล์ไม่มีการระบุโดยผู้ดูแลระบบ"
"Email to %s was not sent","ส่งอีเมลไปยัง %s ยังไม่ได้ส่ง"
"Email to a Friend","ส่งอีเมล์ไปยังเพื่อน"
"Empty","ว่างเปล่า"
"Enabled","เปิดการใช้งาน"
"Error during retrieval of option value: %s","พบข้อผิดพลาดขณะดึงค่าตัวเลือก: %s"
"Error while adding customers for %s alert. Message: %s","พบข้อผิดพลาดขณะเพิ่มลูกค้าในการแจ้งเตือน %sข้อความ: %s"
"Error while saving this group. Group with the same name already exists.","พบข้อผิดพลาดขณะทำการบันทึกกลุ่มนี้ มีกลุ่มที่มีชื่อเดียวกันอยู่แล้ว"
"Error while saving this group. Please try again later.","พบข้อผิดพลาดขณะบันทึกกลุ่มนี้ กรุณาลองใหม่อีกครั้ง."
"Exclude","เอาออก"
"Expand All","ขยายทั้งหมด"
"Failed","ล้มเหลว"
"Failed to move file: %s","การย้ายไฟล์ล้มเหลว: %s"
"Feature Products","ลักษณะสินค้า"
"File options format is not valid","ตัวเลือกรูปแบบไฟล์ไม่ถูกต้อง"
"File upload failed","ไฟล์ที่อัปโหลดล้มเหลว"
"Filter model name must be declared","ต้องประกาศชื่อโมเดลตัวกรอง"
"Filter must be as object. Set correct filter please","ตัวกรองจะต้องเป็น object กรุณาตั้งตัวกรองที่ถูกต้อง"
"Filterable (no results)","ใช้ตัวกรองได้ (ไม่ใช้ผลลัพธ์)"
"Filterable (with results)","สามารถใช้ตัวกรองได้ (พร้อมผลลัพธ์)"
"Filters must be as array","ตัวกรองต้องเป็นแบบ array"
"First Name","ชื่อ"
"Fixed","คงที่"
"Flat Catalog module has a limit of %2\$d filterable and/or sort able attributes. Currently there are %1\$d. Please reduce the number of filterable/sort able attributes in order to use this module.","Flat Catalog module has a limit of %2\$d filterable and/or sort able attributes. Currently there are %1\$d. Please reduce the number of filterable/sort able attributes in order to use this module."
"For internal use. Must be unique with no spaces","สำหรับใช้ภายใน ต้องไม่ซ้ำและไม่มีเว้นวรรค"
"For reindex enabled product(s) you need specify store or product","For reindex enabled product(s) you need specify store or product"
"Frontend","ส่วนหน้าเว็บ"
"Frontend Model","แบบส่วนหน้า"
"Frontend Properties","คุณสมบัติ ส่วนหน้า "
"Gallery","แกลเลอรี่"
"General Information","ข้อมูลทั่วไป"
"Get special price","ราคาพิเศษ"
"Global","โดยรวม"
"Globally Editable","สามารถแก้ไขได้โดยทั่วไป"
"Go to Home Page","ไปยังหน้าหลัก"
"Grid","แนวตั้ง"
"Grouped Product","สินค้าที่จัดเป็นกลุ่ม"
"Groups","กลุ่ม"
"Home","หน้าหลัก"
"ID","รหัส"
"ID: %s","รหัส: %s"
"If you do not specify an option value for a specific store view then the default (Admin) value will be used.","If you do not specify an option value for a specific store view then the default (Admin) value will be used."
"Image","รูปภาพ"
"Image content is not valid base64 data.","รูปภาพเนื้อหาไม่ถูกต้องข้อมูล base64 ."
"Image file not found","ไม่พบไฟล์รูปภาพ"
"Image not exists","ไม่มีภาพ"
"Image not specified.","ไม่ได้ระบุรูปภาพ."
"Image type and information need to be specified for each store view.","ต้องมีการระบุประเภทรูปภาพและข้อมูลสำหรับมุมมองแต่ละร้าน"
"In Stock","มีสินค้า"
"In stock","มีสินค้า"
"In stock.","มีสินค้า."
"Incl. Tax","รวม. ภาษี"
"Input Type","ใส่ประเภท"
"Input Validation for Store Owner","การตรวจสอบความถูกต้องของข้อมูลที่นำเข้าสำหรับเจ้าของร้าน"
"Integer","จำนวนเต็ม"
"Integer Number","เลขจำนวนเต็ม"
"Invalid Tier Prices","ระดับราคาไม่ถูกต้อง"
"Invalid attribute %s","คุณลักษณะที่ไม่ถูกต้อง %s"
"Invalid attribute option specified for attribute %s (%s), skipping the record","การระบุคุณลักษณะตัวเลือกสำหรับคุณลักษณะ %s (%s), ไม่ถูกต้อง กำลังข้ามรายการ"
"Invalid attribute set specified, skipping the record","การระบุชุดคุณลักษณะไม่ถูกต้อง กำลังข้ามรายการ"
"Invalid block: %s","block ไม่ถูกต้อง: %s"
"Invalid category","ประเภทสินค้าไม่ถูกต้อง"
"Invalid category IDs","รหัสประเภทไม่ถูุกต้อง"
"Invalid image file type","ประเภทไฟล์ภาพไม่ถูกต้อง"
"Invalid image type.","ประเภทภาพไม่ถูกต้อง."
"Invalid option id specified for %s (%s), skipping the record","การระบรหัสตัวเลือกสำหรับ %s (%s) ไม่ถูกต้อง กำลังข้ามรายการ"
"Invalid product type specified, skipping the record","ประเภทสินค้าที่ระบุไม่ถูกต้อง กำลังข้ามรายการ"
"Invalid store specified","กำหนดร้านค้าไม่ถุกต้อง"
"Invalid store specified, skipping the record","การระบุร้านไม่ถูกต้อง, กำลังข้ามรายการ"
"Invalid tier prices. Product is not associated to the requested website.","ระดับราคาไม่ถูกต้อง. ผลิตภัณฑ์ไม่ได้เชื่อมโยงไปยังเว็บไซต์"
"Invalid transactional email code","transactional รหัสอีเมลล์ไม่ถูกต้อง"
"Inventory","สินค้าที่มีอยู่ร้าน"
"Is Default","เป็นค่าเริ่มต้น"
"Is Required","ต้องการสิ่งนี้"
"Items %s to %s of %s total","รายการที่ %s ถึง %s จากทั้งหมด %s "
"Items that you don't want to show in the catalog or search results should have status 'Disabled' in the desired store."," ในความต้องการของร้านค้า รายการทีคุณไม่ต้องการให้แสดงในรายการสินค้า หรือ จากการค้นหาควรจะให้มีสถานะ'ปิดใช้งาน'"
"Label","ป้าย"
"Last Name","นามสกุล"
"Last Notification","การแจ้งเตือนครั้งสุดท้าย"
"Learn More","ดูรายละเอียดเพิ่มเติม"
"Length of text is too long","ความยาวของข้อความยาวเกิน"
"Letters","ตัวอักษร"
"Letters(a-zA-Z) or Numbers(0-9)","ตัวอักษร(a-zA-Z) หรือตัวเลข(0-9)"
"Line %d, Email: %s","Line %d, Email: %s"
"Line %d, SKU: %s","Line %d, SKU: %s"
"Link (Related, Up sell, Cross sell)","Link (Related, Up sell, Cross sell)"
"Link product not exists.","Link product not exists."
"List","รายการ"
"List Mode","โหมดรายการ"
"Manage Attribute Sets","จัดการชุดคุณลักษณะ"
"Manage Attributes","จัดการคุณลักษณะ"
"Manage Catalog Categories","จัดการประเภทของแค็ตตาล็อค"
"Manage Categories","จัดการประเภท"
"Manage Label / Options","จัดการป้าย / ตัวเลือก"
"Manage Options (values of your attribute)","จัดการตัวเลือก(ค่าของคุณลักษณะของคุณ)"
"Manage Product Attributes","จัดการคุณลักษณะสินค้า"
"Manage Product Sets","จัดการชุดสินค้า"
"Manage Products","จัดการสินค้า"
"Manage Stock","จัดการคลังสินค้า"
"Manage Titles (Size, Color, etc.)","จัดการหัวข้อ(ขนาด,สี,ฯลฯ)"
"Max Characters","ตัวอักษรที่มากที่สุด"
"Maximal Depth","ความลึกสูงสุด"
"Maximum Image Size","ขนาดรูปภาพสูงสุด"
"Maximum Qty Allowed in Shopping Cart","จำนวนมากที่สุดที่อนุมัติในรถเข็น"
"Maximum image height","ความสูงรูปภาพสูงสุด"
"Maximum image width","ความกว้างรูปภาพสูงสุด"
"Maximum number of characters","จำนวนตัวอักษรที่มากที่สุด"
"Media Image","ภาพ Media"
"Minimum Lines Per Page","บรรทัดที่น้อยที่สุดต่อหน้่า"
"Minimum Qty Allowed in Shopping Cart","จำนวนที่น้อยที่สุดที่อนุมัติในรถเข็น"
"Minimum Qty for Item\'s Status to be Out of Stock","จำนวนที่น้อยที่สุดสำหรับรายการที่จะออกจากคลังสินค้า"
"Missing SKU, skipping the record","รายการสินค้าในร้านหายไป, กำลังข้ามรายการ"
"More Views","มุมมองเพิ่มเติม"
"Move","ย้าย"
"Move category in tree","ย้ายประเภทในแผนผังต้นไม้"
"Multiple Select","เลือกหลายตัวเลือก"
"Name","ชื่อ"
"Name In %s","ชื่อใน %s"
"Name<br/>(For internal use)","ชื่อ<br/>(สำหรับใช้ภายใน)"
"New Category","ประเภทใหม่่"
"New Product","สินค้าใหม่"
"New Product Attribute","คุณลักษณะใหม่ของสินค้า"
"New Products","สินค้าใหม่"
"New Search","การค้นหาใหม่"
"New Set Name","ชื่อชุดใหม่"
"Next","ถัดไป"
"No","ไม่ใช่"
"No image","ไม่มีรูปภาพ"
"No layout updates","ไม่มีการอัพเดท เลย์เอาท์"
"No options of this product are available.","ไม่มีตัวเลือกสำหรับสินค้านี้"
"No product collections found","ไม่พบคอลเลคชั่นสินค้า"
"None","ไม่มี"
"Not shared with other products","ไม่ใช้ร่วมกับสินค้าอื่น"
"Notify Low Stock RSS","แจ้งเตือนเมื่อสินค้าในสต๊อกเหลือน้อย RSS"
"Notify for Quantity Below","แจ้งเตือนสำหรับปริมาณที่ลดลง"
"Nowhere","ไม่ปรากฏที่ไหน"
"Number of Uses","จำนวนที่ใช้"
"Number of results<br/>(For last time placed)","จำนวนผลลัพธ์<br/>(จากที่ได้ดำเนินการครั้งหลังสุด)"
"OR","หรือ"
"Old Price:","ราคาเก่า:"
"Option validation failed to add product to cart","ตัวเลือกการตรวจสอบล้มเหลวในการเพิ่มผลิตภัณฑ์ลงในรถเข็น"
"Option:","ตัวเลือก:"
"Options Control","ควบคุมตัวเลือก"
"Options is required","ต้องการตัวเลือก"
"Our customer service is available 24/7. Call us at (555) 555-0123.","บริการลูกค้าของเรา 24/7. ี่โทรหาเราได้ท (555) 555-0123."
"Out of Stock","สินค้าหมดคลังสินค้า"
"Out of stock","สินค้าหมดคลังสินค้า"
"Out of stock.","สินค้าหมดคลังสินค้า."
"PM","PM"
"Page Title Separator","ตัวแยกหัวข้อหน้าหน้า"
"Page:","หน้า:"
"Parent Category","ประเภทหลัก"
"Pending","รอตรวจสอบ"
"Pending Reviews RSS","บทวิจารณ์ RSS กำลังรอการตรวจสอบ"
"Percentage","เปอร์เซ็นต์"
"Please add rows to option.","กรุณาเพิ่มแถวตัวเลือก."
"Please be careful as once you click on the row it will load package data form the selected file and all unsaved form data will be lost.","Please be careful as once you click on the row it will load package data form the selected file and all unsaved form data will be lost."
"Please click on Close Window button if it won\'t be closed automatically","กรุณาคลิกปุ่มปิดหน้าต่าง ถ้ามันไม่ปิดโดยอัตโนมัติ"
"Please enter a new group name","กรุณาใส่ชื่อกลุ่มใหม่"
"Please refresh ""Catalog Rewrites"" and ""Layered Navigation Indices"" in System -> <a href=""%s"">Cache Management</a>","Please refresh ""Catalog Rewrites"" and ""Layered Navigation Indices"" in System -> <a href=""%s"">Cache Management</a>"
"Please select  items","Please select  items"
"Please select one or more attributes.","กรุณาเลือกคุณลักษณะหนึ่งอย่างหรือมากกว่า."
"Please select product(s)","กรุณาเลือกสินค้า"
"Please select products for attributes update","กรุณาเลือกสินค้าที่จะอัพเดทคุณลักษณะ"
"Please select static block ...","กรุณาเลือก static block ..."
"Please set up merge date/time","กรุณาตั้งค่าผสานวันที่ / เวลา "
"Please set up merge date/time later then present date","กรุณาตั้งค่าผสานวันที่ / เวลา ภายหลังวันที่ปัจจุบัน"
"Please specify date required option(s)","โปรดระบุวัันที่ตัวเลือกที่ต้องการ"
"Please specify the product option(s)","กรุณากำหนดตัวเลือกสินค้า"
"Please specify the product required option(s)","กรุณากำหนดตัวเลือกสินค้าที่ต้องการ"
"Please specify the product(s) quantity","กรุณากำหนดจำนวนสินค้า"
"Please specify time required option(s)","กรุณาระบุเวลาที่เลือก"
"Please, use four-digit year format","กุรุณา, รูปแบบปีเป็นเลขสี่หลัก"
"Position","ตำแหน่ง"
"Position In Layered Navigation","ตำแหน่งในระดับ Navigation"
"Position of attribute in layered navigation block","ตำแหน่งของคุณลักษณะ layered navigation ถูกบล็อค"
"Prev","ก่อนหน้า"
"Previous","ก่อนหน้านี้"
"Price","ราคา"
"Price Type","ประเภทราคา"
"Price values for options should be specified in system base currency.","ค่าราคาสำหรับข้อกำหนดจะเจาะจงอยู่ในพื้นฐานระบบสกุลเงิน"
"Price:","ราคา:"
"Print This Page","พิมพ์หน้านี้"
"Problem saving the collection, aborting. Error: %s","พบปัญหาในการบันทึกข้อมูลกำลังยกเลิกการบันทึก ข้อผิดพลาด: %s"
"Product","สินค้า"
"Product %s successfully added to compare list","เพิ่มสินค้า %s ลงในรายการเปรียบเทียบแล้ว"
"Product %s successfully removed from compare list","ย้ายผลิตภัฑณ์จากรายการเปรียบเทียบสำเร็จ"
"Product API","สินค้า API"
"Product Alerts","แจ้งเตือนสินค้า"
"Product Attribute","คุณลักษณะสินค้า"
"Product Attributes","คุณลักษณะสินค้า"
"Product Categories","ประเภทสินค้า"
"Product Description","รายละเอียดสินค้า"
"Product Image Placeholders","รูปภาพสินค้า Placeholders"
"Product Image Watermarks","ภาพลายน้ำ้สินค้า"
"Product Images","รูปภาพสินค้า"
"Product Images API","รูปภาพสินค้า API"
"Product In Websites","สินค้าในเว็บไซต์"
"Product Info Column","คอลัมม์ข้อมูลสินค้า"
"Product Information","ข้อมูลสินค้า"
"Product Name","ชื่อสินค้า"
"Product Reviews","บทวิจารณ์สินค้า"
"Product Tags","Tags สินค้า"
"Product Tier Price API","ระดับราคาสินค้า API"
"Product Type","ประเภทสินค้า"
"Product URL Suffix","URL ต่อท้ายของสินค้า"
"Product attribute sets API","ชุดคุณลักษณะสินค้า API"
"Product attribute was successfully deleted","ลบคุณลักษณะสินค้าแล้ว"
"Product attribute was successfully saved","บันทึกคุณลักษณะสินค้าแล้ว"
"Product attributes API","คุณลักษณะสินค้า API"
"Product collection expected","ระบบต้องการข้อมูลคอลเลคชั่นสินค้า"
"Product deleted","ลบสินค้าแล้ว"
"Product duplicated","สินค้าซ้ำกัน"
"Product has required options","ต้องการตัวเลือกสินค้า"
"Product links API (related, cross sells, up sells)","ลิงค์สินค้า API (related, cross sells, up sells)"
"Product listing sort by","เรียงรายการผลิตภัณฑ์ตาม"
"Product saving error.","ข้อผิดพลาดในการบันทึกสินค้า."
"Product saving error. ","บันทึกสินค้าผิดพลาด. "
"Product types API","ประเภทสินค้า API"
"Product was successfully created.","สร้างสินค้าสำเร็จ"
"Product was successfully saved.","บันทึกสินค้าแล้ว"
"Product with this combination of attributes already associated to configurable.","ผลิตภัณฑ์รวมเข้าด้วยกันกับคุณลักษณะเรียบร้อยแล้วที่สัมพันธ์ถึงการแก้ไข"
"Products","สินค้า"
"Products Information","ข้อมูลสินค้า"
"Products Reviews","บทวิจารณ์สินค้า"
"Products Sitemap","แผนผังสินค้า"
"Products only","เฉพาะสินค้า"
"Products per Page on Grid default value","สินค้าต่อหน้าบนค่าเริ่มต้นแบบ Grid "
"Products per Page on List allowed values","สินค้าต่อหน้าที่ยอมให้แสดงบนรายการแบบ list"
"Products per Page on List default value","สินค้าต่อหน้าบนค่าเริ่มต้นแบบ List "
"Products per page on Grid allowed values","สินค้าต่อหน้าที่ยอมให้แสดงบนรายการแบบ Grid "
"Properties","คุณสมบัติ"
"Qty","จำนวน"
"Qty Uses Decimals","จำนวนทศนิยมที่ใช้"
"Qty for Item\'s Status to become Out of Stock","จำนวนสำหรับสินค้าที่เปลี่ยนเป็นสถานะ หมดคลังสินค้า"
"Quick Create","สร้างแบบเร็ว"
"Quick Overview","รายละเอียด"
"Quick simple product creation","สร้างตัวอย่างสินค้าแบบเร็ว"
"Records for ""","บันทึกสำหรับ """
"Redirect","Redirect"
"Redirect URL","Redirect URL"
"Regular Price:","ราคาปกติ:"
"Related Products","สินค้าที่เกี่ยวข้อง"
"Remove","ลบออก"
"Remove Product","ลบสินค้าออก"
"Remove Product From Websites","ลบสินค้าออกจากเว็บไซต์"
"Remove This Item","ลบรายการสินค้านี้ออก"
"Remove product assignment","ลบสินค้าที่กำหนด"
"Remove product image","ลบรูปภาพสินค้า"
"Remove product link","ลบลิงค์สินค้า"
"Required","จำเป็น"
"Reset","รีเซ็ต"
"Results","ผลลัพธ์"
"Retrieve attribute data","เรียกข้อมูลคุณลักษณะ"
"Retrieve attribute list","รายการกู้คืนคุณลักษณะ"
"Retrieve attribute options","ตัวเลือกกู้คืนคุณลักษณะ"
"Retrieve categories tree","เรียกข้อมูล categories tree"
"Retrieve category attributes","กู้คืนคุณลักษณะประเภทสินค้า"
"Retrieve category data","กู้คืนข้อมูลประเภทสินค้า"
"Retrieve hierarchical tree","กู้คืนเกี่ยวกับแผนผังต้นไม้"
"Retrieve linked products","กู้คืนลิงค์สินค้า"
"Retrieve list of assigned products","รายการกู้คืนสินค้าที่กำหนด"
"Retrieve one level of categories by website/store view/parent category","กู้คืนประเภทสินค้าหนึ่งระดับโดยเป็นแบบ website/store view/parent category"
"Retrieve product","กู้คืนสินค้า"
"Retrieve product attribute sets","กู้คืนชุดคุณลักษณะสินค้า"
"Retrieve product image","กู้คืนรูปภาพสินค้า"
"Retrieve product image list","รายการกู้คืนรูปภาพสินค้า"
"Retrieve product image types","ประเภทการกู้คืนรูปภาพสินค้า"
"Retrieve product link type attributes","กู้คืนประเภทลิงค์คุณลักษณะสินค้า"
"Retrieve product link types","กู้คืนประเภทลิงค์สินค้า"
"Retrieve product tier prices","กู้คืนระดับราคาสินค้า"
"Retrieve product types","กู้คืนประเภทสินค้า"
"Retrieve products data","เรียกคืนข้อมูลสินค้า"
"Retrieve products list by filters","รายการกู้คืนสินค้าโดยการกรอง"
"Review successfully deleted","ลบบทวิจารณ์แล้ว"
"Review was saved successfully","บันทึกบทวิจารณ์แล้ว"
"Review was successfully saved","บันทึกบทวิจารณ์แล้ว"
"Reviews","บทวิจารณ์"
"Roll Over for preview","Roll Over สำหรับการแสดงตัวอย่าง"
"Root","Root"
"SKU","SKU"
"Save","บันทึก"
"Save And Continue Edit","บันทึกและแก้ไขต่อ"
"Save Attribute","บันทึกคุณลักษณะ"
"Save Attribute Set","บันทึกชุดคุณลักษณะ"
"Save Category","บันทึกประเภทสินค้า"
"Save Search","บันทึกการค้นหา"
"Saved ","บันทึกแล้ว"
"Scope","ขอบเขต"
"Search","ค้นหา"
"Search Engine Optimizations","การปรับแต่งเครื่องมือในการค้นหา"
"Search Information","ข้อมูลการค้นหา"
"Search Query","ค้นหา Query"
"Search Term was successfully saved","บันทึกคำค้นหาแล้ว"
"Search Term with such search query already exist.","มีคำค้นหาที่เกี่ยวกับคำคันหาเช่นนี้แล้ว"
"Search was successfully deleted","ลบการค้นหาแล้ว"
"Searchable","สามารถค้นหาได้"
"Select Configurable Attributes ","เลือกคุณลักษณะที่ปรับแต่งได้ "
"Select type of option","เลือกประเภทของตัวเลือก"
"Select type options required values rows.","Select type options required values rows."
"Selected Product Types","เลือกประเภทสินค้า"
"Selected configuration is not available.","Selected configuration is not available."
"Send Count","นับการส่ง"
"Set Ascending Direction","ตั้งค่าเป็นเรียงจากน้อยไปมาก"
"Set Descending Direction","ตั้งค่าตามลำดับมากไปน้อย"
"Set Name","ชื่อชุดสินค้า"
"Set Root Category For Store","ตั้งค่า Root Category สำหรับร้านค้า"
"Set root category for this store in the <a href=""%s"">configuration</a>","ตั้งค้า root category สำหรับร้านค้านี้ใน<a href=""%s"">การตั้งค่า</a>"
"Set special price","Set special price"
"Set/Get current store view","ตั่งค่า/มุมองร้านค้าในปัจจุบัน"
"Settings","ตั้งค่า"
"Shop by","ซื้อโดย"
"Shopping Options","ตัวเลือกการซื้อ"
"Show","แสดง"
"Show Details","แสดงรายละเอียด"
"Show Tags","แสดง Tags"
"Simple Product","ตัวอย่างสินค้า"
"Site Map","แผนผังเว็บไซต์"
"Sitemap","แผนผังเว็บไซต์"
"Skip import row, is not valid value ""%s"" for field ""%s""","ข้ามการนำเข้าแถว,ค่าไม่ถูกต้อง""%s"" สำหรับฟิลด์""%s"""
"Skip import row, required field ""%s"" for new customer not defined","ข้ามการนำเข้าแถว, ต้องการฟิดล์""%s"" สำหรับลูกค้าใหม่ที่ไม่ได้กำหนด"
"Skip import row, required field ""%s"" for new products not defined","ข้ามการนำเข้าแถว, ต้องการฟิดล์ ""%s"" สำหรับสินค้าใหม่ที่ไม่ได้กำหนด"
"Skip import row, required field ""%s"" not defined","ข้ามการนำเข้าแถว, ต้องการฟิดล์ ""%s"" ไม่ได้กำหนด"
"Skip import row, store ""%s"" field not exists","ข้ามการนำเข้าแถว ""%s""ไม่มีฟิลด์อยู่"
"Sort Order","เรียงออเดอร์"
"Sort by","เรียงตาม"
"Source Model","แหล่งข้อมูลโมเดล"
"Special Price:","ราคาพิเศษ:"
"Starting at:","เริ่มต้นที่:"
"Static","สถิติ"
"Static block and products","Static block และสินค้า"
"Static block only","เฉพาะ Static block"
"Status","สถานะ"
"Stock Availability","มีสินค้าในคลังสินค้า"
"Store","ร้านค้า"
"Store View","มุมมองร้านค้า"
"Stretch","ยืดออก"
"Subscribe to Feed","สมัครสมาชิก Feed"
"Subscribe to RSS Feed","สมัครสมาชิก RSS Feed"
"Super product attributes configuration","การตั้งค่าคุณลักษณะสินค้าขั้นสูง"
"Synonym For","คำเหมือนของ"
"Synonym for","คำเหมือนของ"
"System","ระบบ"
"System Properties","คุณสมบัติระบบ"
"Tag Name","ชื่อ Tag"
"Tax","ภาษี"
"Text","ข้อความ"
"Text Area","พื้นที่ข้อความ"
"Text Field","ฟิลด์ข้อความ"
"There are no %s available.","ไม่มี %s ที่สามารถซื้อได้"
"There are no customers for this alert","ไม่มีลูกค้าสำหรับการแจ้งเตือนนี้"
"There are no products matching the selection.","ไม่พบสินค้าที่ตรงกับการเลือก"
"There was an error while adding products to websites","พบข้อผิดพลาดขณะเพิ่มสินค้าในเว็บไซต์"
"There was an error while cleared compare list","พบข้อผิดพลาดขณะเคลียร์รายการเปรียบเทียบ"
"There was an error while removing products from websites","พบข้อผิดพลาดขณะที่ลบสินค้าออกจากเว็บไซต์"
"There was an error while updating product(s) attributes","พบข้อผิดพลาดขณะกำลังอัพเกรดคุณลักษณะสินค้า"
"There was an error while updating product(s) status","พบข้อผิดพลาดขณะปรับปรุงสถานะสินค้า"
"This attribute is used in configurable products. You cannot remove it from the attribute set.","คุณลักษณะนี้จะใช้ในผลิตภัณฑ์ที่กำหนด. คุณไม่สามารถลบออกจากคุณลักษณะที่กำหนด."
"This attribute no longer exists","ไม่มีคุณลักษณะนี้อยู่"
"This group contains attributes, used in configurable products. Please move these attributes to another group and try again.","This group contains attributes, used in configurable products. Please move these attributes to another group and try again."
"This group contains system attributes. Please move system attributes to another group and try again.","กลุ่มนี้ประกอบด้วยคุณลักษณะของระบบ กรุณาย้ายคุณลักษณะของระบบออกไปยังกลุ่มอื่นแล้วลองใหม่อีกครั้ง."
"This is a required option","นี่คือตัวเลือกที่ต้องการ"
"This search no longer exists","ไม่มีการค้นหานี้"
"Tier Pricing","ระดับราคา"
"Tile","Tile"
"Time format","รูปแบบเวลา"
"Title","หัวข้อ"
"Top/Left","บน/ซ้าย"
"Top/Right","บน/ขวา"
"Total Qty Base Items","Total Qty Base Items"
"Total incl. Tax: %1$s","Total incl. Tax: %1$s"
"Total of %d record(s) were successfully deleted","ลบรายการทั้งสิ้น%d รายการแล้ว"
"Total of %d record(s) were successfully updated","อัพเดทรายการทั้งสิ้น %dรายการแล้ว"
"Type","ประเภท"
"URL Rewrite Management","การจัดการ URL ที่เขียนใหม่"
"URL rewrite save problem.","URL ที่เขียนใหม่มีปัญหา่ในบันทึก"
"Unable to complete request. Please try again later.","ไม่สามารถดำเนินการตามคำขอให้เสร็จสมบูรณ์ได้กรุณาลองใหม่อีกครั้ง."
"Unable to find a search term to delete","ไม่พบคำค้นหาที่ต้องการลบ"
"Unable to find an attribute to delete","ไม่พบคุณลักษณะที่ต้องการลบ"
"Unable to get product id.","ไม่สามารถเรียกข้อมูล หัสสินค้าได้"
"Unassigned Attributes","คุณลักษณะที่ยังไม่ถูกจัดการ"
"Unique Value","ค่าที่เป็นค่าเฉพาะ"
"Unique Value (not shared with other products)","ค่าเฉพาะ (ไม่ใช้ร่วมกับสินค้าอื่น)"
"Unknown attribute: %s","คุณลักษณะที่ไม่รู้จัก: %s"
"Up-sells","Up-sells"
"Update","ปรับปรุง"
"Update Attributes","ปรับปรุงคุณลักษณะ"
"Update Tier Price","ปรับปรุงระดับราคา"
"Update assigned product","ปรับปรุงสินค้าที่กำหนด"
"Update attributes","อัพเดทคุณลักษณะ"
"Update category","ปรับปรุงประเภทสินค้า"
"Update product","ปรับปรุงสินค้า"
"Update product image","ปรับปรุงรูปภาพสินค้า"
"Update product link","ปรับปรุงลิงค์สินค้า"
"Update product tier prices","ปรับปรุงระดับราคาสินค้า"
"Upload new product image ","อัฟโหลดภาพสินค้าใหม่"
"Url","Url"
"Url Rewrite Management","การจัดการ URL ที่เขียนใหม่"
"Use Config Settings","ใช้การตั้งค่า Config"
"Use Default Value","ใช้ค่าเริ่มต้น"
"Use Flat Catalog Category","ใช้ประเภท Flat Catalog"
"Use Flat Catalog Product","ใช้สินค้า Flat Catalog"
"Use In Layered Navigation","ใช้ใน Layered Navigation"
"Use In Layered Navigation<br/>(Can be used only with catalog input type 'Dropdown')","ใช้ในLayered Navigation<br/>(สามารถใช้ใน catalogที่ใส่ข้อมูลประเภท'ดรอปดาวน์'เท่านั้น')"
"Use In Search Results Layered Navigation","Use In Search Results Layered Navigation"
"Use JavaScript Calendar","ใช้ปฏิทิน JavaScript"
"Use To Create Configurable Product","ใช้ในการสร้างสินค้าที่ปรับแต่งได้"
"Use Tree Like Category Sitemap","Use Tree Like Category Sitemap"
"Use categories path for product URLs","ใช้ Path ของ ประเภทสินค้า สำหรับ URL สินค้า"
"Use for Price Rule Conditions","ใช้สำหรับกฎเงื่อนไขราคา"
"Use in advanced search","ใช้ในการค้นหาขั้นสูง"
"Use in quick search","ใช้ในการค้นหาแบบเร่งด่วน"
"Used for sorting in product listing","ใช้เพื่อเรียงลำดับผลิตภัณฑ์ในรายการ"
"Used in product listing","ใช้ในรายการผลิตภัณฑ์"
"Values Required","จำเป็นต้องใส่ค่า"
"Varchar","Varchar"
"View as","ดูในมุมมอง"
"Virtual Product","สินค้าที่แท้จริง"
"Visibility","การมองเห็น"
"Visible","มองเห็นได้"
"Visible on Catalog Pages on Front-end","สามารถเห็นได้บนหน้ารายการสินค้าในส่วนหน้า"
"Visible on Product View Page on Front-end","Visible on Product View Page on Front-end"
"Watermark","ลายน้ำ"
"Watermark Default Size","ขนาดค่าเริ่มต้นของลายน้ำ"
"Watermark Position","ตำแหน่งลายน้ำ"
"We Also Recommend","นอกจากนี้เรายังแนะนำ"
"Website","เว็บไซต์"
"Website Item Must be checked","รายการเว็บไซต์ต้องมีการตรวจสอบ"
"Website Store Must be checked","เว็บไซต์ร้านต้องมีการตรวจสอบ"
"Websites","เว็บไซต์"
"Wrong BuyRequest instance in options group","Wrong BuyRequest instance in options group"
"Wrong option instance type in options group","Wrong option instance type in options group"
"Wrong option type to get group instance.","Wrong option type to get group instance."
"Wrong product instance type in options group","Wrong product instance type in options group"
"Wrong product type filter specified","ผลิตภัณฑ์ผิดประเภทตัวกรองที่ระบุ"
"Wrong quote item instance in options group","Wrong quote item instance in options group"
"Wrong quote item option instance in options group","Wrong quote item option instance in options group"
"Year Range","ช่วงปี"
"Yes","ใช่"
"Yes/No","ใช่/ไม่ใช่"
"You cannot delete this attribute","คุณไม่สามารถลบคุณลักษณะนี้ได้"
"You cannot edit this attribute","คุณไม่สามารถแก้ไขคุณลักษณะนี้ได้"
"You cannot email this product to a friend","คุณไม่สามารถส่งอีเมลล์สินค้านี้ให้เพื่อน"
"You cannot remove system attribute from this set.","คุณไม่สามารถย้ายคุณลักษณะของระบบจากชุดนี้ได้."
"You cannot send more than %d emails at a time","คุณไม่สามารถส่งมากกว่า %d อีเมลล์ต่อครั้ง"
"You cannot update this attribute","คุณไม่สามารถอัพเดทคุณลักษณะนี้"
"You have exceeded limit of %d sends in an hour","คุณมีขีดจำกัดจาก %d การส่งในอีกหนึ่งชั่วโมง"
"You have no items to compare.","คุณไม่มีรายการสินค้าที่จะเปรียบเทียบ."
"You have to specify at least one recipient","คุณต้องระบุผู้รับอย่างน้อยหนึ่งราย"
"You may also be interested in the following product(s)","คุณอาจสนใจในผลิตภัณฑ์ต่อไปนี้ (รายการ)"
"Zoom In","ซูมเข้า"
"Zoom Out","ซูมออก"
"[GLOBAL]","[GLOBAL]"
"and","และ"
"and above","และสูงกว่า"
"cache refresh needed","ต้องการรีเฟรชแคช"
"categories","ประเภทสินค้า"
"comma separated","คั่นด้วยจุลภาค"
"each","แต่ละ"
"ex. http://domain.com","ตัวอย่าง. http://domain.com"
"leave blank if its not an image","เว้นว่างไว้ถ้ามันไม่รูปภาพ"
"must be in the allowed values list","must be in the allowed values list"
"per page","ต่อหน้า"
"products","สินค้า"
"px.","px."
"save","บันทึก"
"select all","เลือกทั้งหมด"
"unselect all","ไม่เลือกทั้งหมด"
"x","x"
