" The customer doesn\'t exist in the system anymore"," ไม่มีลูกค้าอยู่ในระบบอีกต่อไป"
" and "," และ "
"(Absolute path or Relative to Magento install root, ex. var/export)","(Absolute Path หรือเกี่ยวข้องกับ Root ที่ติดตั้ง Magento เช่น var/export)"
"(For US 2-letter state names)","(สำหรับชื่อรัฐ 2 ตัวของสหรัฐอเมริกา)"
"(If left empty will be auto-generated)","(หากเว้นว่างไว้จะถูกสร้างโดยอัตโนมัติ)"
"(Leave empty for first spreadsheet)","(ปล่อยชีทแรกให้ว่างไว้)"
"(Products will be added/updated to this store if 'store' column is blank or missing in the import file.)","(สินค้าจะถูก เพิ่ม/ปรับปรุง ไปยังร้านค้า ถ้า คอลัมม์ร้านค้าว่างหรือหายไปในการนำเข้าไฟล์.)"
"(Shift-)Click or drag to change value","(Shift-)คลิกหรือลากเพื่อเปลี่ยนค่า"
"(Starting with)","(เริ่มต้นด้วย)"
"(When 'No', only mapped fields will be imported. When mapping, use 'column1', 'column2', etc.)","(เมื่อไหรไม่มีพื้นที่ที่จะนำเข้าข้อมูล. เมื่อใช้พื้นที่ คอลัม1', คอลัม 2',และอื่นๆ.)"
"(You have to increase php memory_limit before changing this value)","(คุณต้องเพิ่ม php memory_limit ก่อนจะเปลี่ยนแปลงค่านี้)"
"(\\t for tab)","(\\t สำหรับแท็บ)"
"* - If indexing is in progress, it will be killed and new indexing process will start","* - If indexing is in progress, it will be killed and new indexing process will start"
"- Click on any of the time parts to increase it","- คลิกบนที่ใดๆของ time parts เพื่อเพิ่มมัน"
"- Hold mouse button on any of the above buttons for faster selection.","- ลากเมาส์บนปุ่มใดๆ เพื่อเลือกแบบเร็ว."
"- Use the %s buttons to select month","-ใช้ปุ่ม %s เพื่อเลือกเดือน"
"- Use the %s, %s buttons to select year","- ใช้ปุ่ม %s, %s เพื่อเลือกปี"
"- or Shift-click to decrease it","- หรือ Shift-click เพื่อลดมัน"
"- or click and drag for faster selection.","- หรือคลิกและลากสำหรับเลือกแบบเร็ว"
"-- Please Select --","-- กรุณาเลือก --"
"-- Please select --","-- กรุณาเลือก --"
"-- Please select a category --","-- กรุณาเลือกประเภท --"
"--Please Select--","--กรุณาเลือก--"
"1 Hour","1 ชั่วโมง"
"12 Hours","12 ชั่วโมง"
"12h AM/PM","12h AM/PM"
"2 Hours","2 ชั่วโมง"
"24 Hours","24 ชั่วโมง"
"24h","24h"
"2YTD","2YTD"
"6 Hours","6 ชั่วโมง"
"<h1 class=""page-heading"">404 Error</h1><p>Page not found.</p>","<h1 class=""page-heading"">404 Error</h1><p>Page not found.</p>"
"A new password was sent to your email address. Please check your email and click Back to Login.","รหัสผ่านใหม่ถูกส่งไปยังอีเมลล์ของคุณ. กรุณาตรวจสอบอีเมลล์ของคุณและคลิกกลับไปเข้าสู่ระบบ."
"API Stability","ความเสถียรภาพ API"
"API Version","API เวอร์ชัน"
"API:","API:"
"About the calendar","เกี่ยวกับปฏิทิน"
"Access Denied.","ถูกปฏิเสธการเข้าถึง."
"Access Deny","ปฏิเสธการเข้าถึง"
"Access denied","ปฏิเสธการเข้าใช้"
"Access denied.","ปฏิเสธการเข้าใช้."
"Account Created in:","สร้างบัญชีใน:"
"Account Created on (%s):","สร้างบัญชีบน(%s):"
"Account Created on:","สร้างบัญชีบน:"
"Account Information","ข้อมูลบัญชี"
"Account status","สถานะบัญชี"
"Account successfully saved","บันทึกบัญชีเรียบร้อยแล้ว"
"Action","การกระทำ"
"Actions","การกระทำ"
"Actions XML","การกระทำ XML"
"Active","ทำงาน"
"Add","เพิ่ม"
"Add Contents Path","เพิ่มพาทเนื้อหา"
"Add Exception","เพิ่มข้อยกเว้น"
"Add Field Mapping","เพิ่มฟิลด์ Mapping"
"Add Field with URL:","เพื่มฟิลด์ด้วย URL:"
"Add Gift Card","เพิ่มบัตรของขวัญ"
"Add Maintainer","เพิ่มผู้ดูแล"
"Add New Image","เพิ่มรูปภาพใหม่"
"Add New Profile","เพิ่มโปรไฟล์ใหม่"
"Add New Role","เพิ่มบทบาทใหม่"
"Add New Template","เพิ่มเทมเพลตใหม่"
"Add New Urlrewrite","เพิ่ม Urlrewrite ใหม่"
"Add New User","เพิ่มผู้ใช้ใหม่"
"Add New osCommerce Profile","เพิ่่มโปรไฟล์ osCommerce ใหม่"
"Add PHP Extension dependency","เพิ่มส่วนเสริม PHP Extension "
"Add Package dependency","เพิ่มแพ็คเกจเสริม"
"Add Subpackage dependency","เพิ่มแพ็คเกจย่อยเสริม"
"Add Urlrewrite","เพิ่ม Urlrewrite"
"Add Urlrewrite for a Category","เพิ่ม Urlrewrite สำหรับประเภท"
"Add Urlrewrite for a Product","เพิ่ม Urlrewrite สำหรับสินค้า"
"Add after","เพิ่มภายหลัง"
"Add new Role","เพิ่มบทบาทใหม่"
"Add new store view map","เพิ่มมุมมองแผนที่ร้านค้าใหม่"
"Address Type:","ประเภทที่อยู่:"
"Admin","ผู้ดุแลระบบ"
"Advanced Admin Section","Advanced Admin Section"
"Advanced Profiles","โปรไฟล์ขั้นสูง"
"Advanced Section","Advanced Section"
"Aggregate Order","ยอดรวมคำสั่งซื้อ"
"All","ทั้งหมด"
"All Allowed Countries","ประเทศที่อนุญาตทั้งหมด"
"All Cache","ทุกแคช"
"All Files","ทุกไฟล์"
"All Store Views","ทุกมุมมองร้านค้า"
"All Tags","ทุกแท็ก"
"All Websites","ทุกเว็บไซต์"
"All countries","ทุกประเทศ"
"All fields","ทุกขอบเขต"
"All possible rates were fetched, click on ""Save"" to apply","เอาทุกอัตราที่เป็นไปได้, คลิกบน ""บันทึก"" เพื่อใช้งาน"
"All rates were fetched, click on ""Save"" to apply","เอาทุกอัตรา, คลิกบน ""บันทึก"" เพื่อใช้งาน"
"All valid rates successfully saved","บันทึกทุกอัตราที่ถูกต้องเรียบร้อยแล้ว"
"Amounts","จำนวน"
"Any","ทั้งหมด"
"Any Attribute Set","ชุดคุณลักษณะใดๆ"
"Any Group","กลุ่มใดก็ได้"
"Any Status","สถานะใด ๆ"
"Any Store","ร้านค้าใด ๆ"
"Any Type","ประเภทใด ๆ"
"Any Visibility","การมองเห็นใดๆ"
"Api Key","Api Key"
"Api Key Confirmation","การยืนยัน Api Key"
"Archive file name:","ชื่อแฟ้มเก็บไฟล์:"
"Are you sure that you want to delete this template?","คุณแนว่าต้องการลบเทมเพลตนี้?"
"Are you sure that you want to strip tags?","คุณแน่ใจว่าต้องการถอน tags?"
"Are you sure you want to do this?","คุณแน่ใจว่าต้องการทำสิ่งนี้?"
"Are you sure you wish to INSTALL all selected packages?","คุณแน่ใจว่าต้องการที่จะติดตั้งแพ็คเกจที่เลือกทั้งหมด?"
"Are you sure you wish to UNINSTALL all selected packages?","คุณแน่ใจว่าต้องการที่จะถอนการติดตั้งแพ็คเกจที่เลือกทั้งหมด"
"Are you sure you wish to UPGRADE all selected packages?","คุณแน่ใจว่าต้องการที่จะปรับปรุงแพ็คเกจที่เลือกทั้งหมด?"
"Area","พื้นที่"
"Assigned","กำหนด"
"Attribute Set Name:","ชื่อชุดคุณลักษณะ:"
"Attribute set successfully saved.","บันทึกชุดคุณลักษณะเรีบยร้อยแล้ว."
"Attribute set was successfully removed.","ลบชุดคุณลักษณะเรียบร้อยแล้ว."
"Attributes","คุณลักษณะ"
"Available Products","สินค้าที่มีอยู่"
"Available Version","เวอร์ชั่นที่มีอยู่"
"Average Order Amount","จำนวนคำสั่งซื้อเฉลี่ย"
"Average Orders","ออเดอร์เฉลี่ย"
"Back","กลับ"
"Back to Login","กลับไปหน้าลงทะเบียน"
"Back to local packages","กลับไปยังแพ็คเกจพื้นฐาน"
"Backup","สำรองข้อมูล"
"Backup record was deleted","บันการสำรองข้อมูลถูกลบ"
"Backup successfully created","สร้างการสำรองข้อมูลสำเร็จ"
"Backups","สำรองข้อมูล"
"Base currency","สกุลเงินพื้นฐาน"
"Bcc","Bcc"
"Bestsellers","อันดับขายดี"
"Big Image","ภาพขนาดใหญ่"
"Billing Address","ใบเสร็จรับเงิน"
"Billing address","ใบเสร็จรับเงิน"
"Block Information","บล็อคข้อมูล"
"Both (without and with tax)","ทั้งสอง (โดยไม่มี และ มี ภาษี)"
"Browse Available Extensions","คันหา ส่วนขยาย ที่มีอยู่"
"Browse Available Remote Extensions","คันหา รีโมทส่วนขยาย ที่มีอยู่"
"Browse Files...","ค้นหาไฟล์..."
"Bundle Items","กลุ่มรายการ"
"Bundle with dynamic pricing cannot include custom defined options. Options will not be saved.","Bundle with dynamic pricing cannot include custom defined options. Options will not be saved."
"CRITICAL","การวิจารณ์"
"CSV","CSV"
"CSV / Tab separated","CSV / แท็บคั่น"
"Cache Control","ควบคุมแคช"
"Cache Control (beta)","แคชควบคุม (เบต้า)"
"Cache Management","การจัดการแคช"
"Can not add new comment.","ไม่สามารถเพิ่มข้อคิดเห็นใหม่."
"Can not add tracking number.","ไม่สามารถเพิ่มหมายเลขแทร็ค."
"Can not delete tracking number.","ไม่สามารถลบหมายเลขแทร็ค."
"Can not do credit memo for order","ไม่สามารถทำใบลดหนี้สำหรับคำสั่งซื้อ"
"Can not do invoice for order","ไม่สามารถทำใบแจ้งราคาสินค้าสำหรับคำสั่งซื้อ"
"Can not do shipment for order separate from invoice.","ไม่สามารถดำเนินการจัดส่งสินค้าสำหรับการสั่งซื้อสินค้าที่แยกจากใบแจ้งหนี้."
"Can not do shipment for order.","ไม่สามารถทำการส่งสินค้าสำหรับคำสั่งซื้อ."
"Can not initialize shipment for adding tracking number.","ไม่สามารถจัดเตรียมการส่งสินค้าสำหรับเพิ่มหมายเลขแทร็ค."
"Can not initialize shipment for delete tracking number.","ไม่สามารถจัดเตรียมการส่งสินค้าสำหรับลบหมายเลขแทร็ค."
"Can not load track with retrieving identifier.","ไม่สามารถโหลดแทร็กพร้อมด้วยการกู้คืน identifier."
"Can not retrieve tracking number detail.","ไม่สามารถกู้คืน รายละเอียดหมายเลขแทร็ค."
"Can not save credit memo","ไม่สามารถบันทึกใบลดหนี้"
"Can not save invoice","ไม่สามารถบันทึกใบส่งสินค้า"
"Can not save shipment.","ไม่สามารถบันทึกการส่งสินค้า."
"Can not send shipment information.","ไม่สามารถส่งข้อมูลการส่งสินค้า."
"Can not update item qty","ไม่สามารถปรับปรุงจำนวนรายการ"
"Can't delete design change","ไม่สามารถลบดีไซต์ที่เปลี่ยนแปลง"
"Can\'t find email address.","ไม่พบอีเมลล์."
"Cancel","ยกเลิก"
"Card Verification Number","การตรวจสอบหมายเลขบัตร"
"Catalog","รายการสินค้า"
"Catalog Index rebuild error. Please try again later","สรา้งรายการสินค้าใหม่ผิดพลาด. โปรดลองอีกครั้งภายหลัง"
"Catalog Index was rebuilt successfully","สร้า้งรายการสินค้าใหม่สำเร็จ"
"Catalog Rewrites","เขียนรายการสินค้าใหม่"
"Catalog Rewrites was refreshed successfully","เขียนรายการสินค้าใหม่แล้ว"
"Catalog Rewrites were refreshed successfully","เขียนรายการสินค้าใหม่แล้ว"
"CatalogInventory Stock Status rebuild error. Please try again later","CatalogInventory ร้านค้าผิดพลาดขณะสร้างใหม่. กรุณาลองอีกครังภายหลัง"
"CatalogInventory Stock Status was rebuilt successfully","CatalogInventory ร้านค้าสร้างใหม่สำเร็จ"
"Category","ประเภท"
"Category:","ประเภท:"
"Changelog","เปลี่ยน log"
"Channel","ช่องทาง"
"Channel:","ช่องทาง:"
"Checkbox","Checkbox"
"Choose Store View","เลือกมุมมองร้านค้า"
"Choose an attribute","เลือกคุณลักษณะ"
"Clear","เคลียร์"
"Close","ปิด"
"Comment text field can not be empty.","ช่องแสดงความคิดเห็นห้ามว่าง."
"Comments History","ข้อคิดเห็นที่ผ่านมา"
"Complete","เสร็จ"
"Configuration","การตั้งค่า"
"Configuration successfully saved","บันทึกการตั้งค่า"
"Confirmed email:","ได้รับการยืนยันอีเมลล์แล้ว:"
"Conflicts","ความขัดแย้ง"
"Connect with the Magento Community","Connect with the Magento Community"
"Content","เนื้อหา"
"Contents","เนื้อหา"
"Convert to Plain Text","เปลี่ยนเป็นข้อความธรรมดา"
"Cookie (Unsafe)","Cookie (Unsafe)"
"Country","ประเทศ"
"Country:","ประเทศ:"
"Coupon Code","รหัสคูปอง"
"Coupons","คูปอง"
"Create","สร้าง"
"Create DB Backup","สร้างการสำรองฐานข้อมูล"
"Create Extension Package","สร้างแพ็คเกจ Extension"
"Create New Attribute","สร้างคุณลักษณะใหม่"
"Create New Staging Store View","สร้าง Staging มุมมองร้า้นค้าใหม่"
"Create Urlrewrite:","สร้าง Urlrewrite:"
"Create a backup","สร้างการสำรองข้อมูล"
"Created At","สร้างเมื่อ"
"Credit Card Number","หมายเลขบัตรเครดิต"
"Credit Card Number: xxxx-%s","หมายเลขบัตรเครดิต: xxxx-%s"
"Credit Card Type","ประเภทบัตรเครดิต"
"Credit Card Type: %s","ประเภทบัตรเครดิต: %s"
"Credit Memo #%s comment added","ใบลดหนี้ #%s เพิ่มข้อคิดเห็น"
"Credit Memo #%s created","ใบลดหนี้ #%s สร้าง"
"Credit Memo History","ประวัติใบลดหนี้"
"Credit Memo Totals","ใบลดหนี้ทั้งหมด"
"Credit Memo cancel error.","การยกเลิกใบลดหนี้ผิดพลาด."
"Credit Memo total must be positive.","ใบลดหนี้ทั้งหมดต้องเชื่อถือได้."
"Credit Memo void error","ผิดพลาดใบลดหนี้เป็นโมฆะ"
"Credit Memo was successfully canceled.","ยกเลิกใบลดหนี้เรียบร้อยแล้ว."
"Credit Memo was successfully created","สร้างใบลดหนี้เรียบร้อยแล้ว"
"Credit Memo was successfully voided","ใบลดหนี้ถูกยกเลิก"
"Currency","สกุลเงิน"
"Currency Information","ข้อมูลสกุลเงิน"
"Currency Setup Section","ตั้งค่าเซ็คชั่นสกุลเงิน"
"Current Configuration Scope:","ขอบเขตการตั้งค่าปัจจุบัน:"
"Current Release Information","ข้อมูลที่แสดงในปัจจุบัน"
"Custom","กำหนดเอง"
"Customer","ลูกค้า"
"Customer Group:","กลุ่มลูกค้า:"
"Customer Name","ชื่อลูกค้า"
"Customer Since:","ลูกค้าตั้งแต่:"
"Customer was deleted","ลบลูกค้าแล้ว"
"Customer was successfully saved","บันทึกลูกค้าแล้ว"
"Customer with the same email already exists.","ลูกค้ามีอีเมลล์อยู่แล้ว."
"Customers","ลูกค้า"
"DHTML Date/Time Selector","DHTML Date/Time Selector"
"Dashboard","แผงควบคุม"
"Data Format","รูปแบบข้อมูล"
"Data transfer:","การส่งข้อมูล:"
"Date","วันที่"
"Date & Time","วันที่ & เวลา"
"Date Added","เพิ่มวันที่แล้ว"
"Date Updated","แก้ไขวันที่แล้ว"
"Date selection:","ตัวเลือกวันที่:"
"Date selector","เลือกวันที่"
"Date:","วันที่:"
"Day","วัน"
"Decimal separator:","ตัวแบ่งทศนิยม:"
"Default (Admin) Values","ค่าที่เป็นค่าเริ่มต้น(ผู้ดูแลระบบ)"
"Default Config","ตั้งค่าตามค่าเริ่มต้น"
"Default Template from Locale","เทมเพลตเริ่มต้นจากพื้นฐาน"
"Default Values","ค่าเริ่มต้น"
"Default display currency ""%s"" is not available in allowed currencies","แสดงค่าเริ่มต้นสกุลเงิน ""%s"" ไม่มีอยู่ในสกุลเงินที่อนุญาต"
"Default scope","ขอบเขตค่าเริ่มต้น"
"Delete","ลบ"
"Delete %s","ลบ %s"
"Delete %s '%s'","ลบ %s '%s'"
"Delete Profile","ลบโปรไฟล์"
"Delete Role","ลบบทบาท"
"Delete Store View","ลบมุมมองร้านค้า"
"Delete Template","ลบเทมเพลต"
"Delete User","ลบผู้ใช้"
"Delete Website","ลบเว็บไซต์"
"Dependencies","การพึ่งพา"
"Description","รายละเอียด"
"Description:","รายละเอียด:"
"Design","ดีไซน์"
"Design Section","ดีไซน์ เซ็คชั่น"
"Design change deleted","ลบการเปลี่ยนแปลงดีไซต์"
"Design change saved","บันทึกการเปลี่ยนแปลงดีไซต์"
"Developer Section","เซ็คชั่นผู้พัฒนา"
"Direction:","การควบคุม:"
"Disable","ปิดการใช้งาน"
"Disabled","ปิดการใช้งาน"
"Discount Amount","จำนวนส่วนลด"
"Display %s first","แสดง %s ก่อน"
"Display default currency","แสดงสกุลเงินเริ่มต้น"
"Distributed under GNU LGPL. See %s for details.","Distributed under GNU LGPL. See %s for details."
"Do you really want to KILL parallel process and start new indexing process?","Do you really want to KILL parallel process and start new indexing process?"
"Done By:","เสร็จสิ้นโดย:"
"Done by:","เสร็จสิ้นโดย:"
"Download Remote File","ดาวน์โหลด Remote ไฟล์"
"Download and Install","ดาวน์โหลดและติดตั้ง"
"Downloading and installing $pkg, please wait...","กำลังดาวน์โหลดและติดตั้ง $pkg, โปรดรอสักครู่..."
"Drag to move","ลากเพื่อย้าย"
"Drop-down","Drop-down"
"Edit","แก้ไข"
"Edit Email Template","แก้ไขอีเมลล์เทมเพลต"
"Edit Poll","แก้ไขโพล"
"Edit Role","แก้ไขบทบาท"
"Edit Store View","แก้ไขมุมมองร้านค้า"
"Edit System Template","แก้ไขเทมเพลตของระบบ"
"Edit Tag","แก้ไข Tag"
"Edit Template","แก้ไขเทมเพลต"
"Edit Urlrewrite","แก้ไข Urlrewrite"
"Edit User","แก้ไขผู้ใช้"
"Edit User '%s'","แก้ไขผู้ใช้ '%s'"
"Edit Website","แก้ไขเว็บไซต์"
"Email","อีเมลล์"
"Email Address:","ที่อยูู่อีเมลล์:"
"Email Preview","แสดงตัวอย่างอีเมลล์"
"Email address is empty.","ที่อยู่อีเมลล์๋ว่าง."
"Email to a Friend","ส่งอีเมลล์ไปยังเพื่อน"
"Email:","อีเมลล์:"
"Enable","เปิดใช้งาน"
"Enabled","เปิดใช้งาน"
"Enclose Values In:","แนบค่าไว้ใน:"
"Entity Type","ประเภท เอกลักษณ์"
"Entity type:","ประเภท เอกลักษณ์:"
"Error uploading the file","พบข้อผิดพลาดขณะอัพโหลดไฟล์"
"Error while cleared Image cache. Please try again later","ผิดพลาดขณะเคลียร์แคชรูปภาพ. กรุณาลองใหม่อีกครั้งภายหลัง"
"Error while create backup. Please try again later","ผิดพลาดขณะสร้างสำรองข้อมูล. กรุณาลองใหม่อีกครั้งภายหลัง"
"Error while deleting this role. Please try again later.","พบข้อผิดพลาดขณะลบบทบาทนี้ กรุณาลองใหมอีกครั้ง."
"Error while deleting this set.","พบข้อผิดพลาดขณะลบชุดนี้."
"Error while deleting this template. Please try again later.","เกิดข้อผิดพลาดขณะลบเทมเพลตนี้. โปรดลองอีกครั้งภายหลัง."
"Error while finished process. Please refresh cache","ผิดพลาดขณะสิ้นสุดขบวนการ. กรุณารีเฟรชแคช"
"Error while refreshed Catalog Rewrites. Please try again later","ผิดพลาดระหว่างเขียนรายการสินค้าใหม่.กรุณาลองใหม่อีกครั้งภายหลัง"
"Error while refreshed Layered Navigation Indices. Please try again later","ผิดพลาดระหว่างรีเฟรช Layered Navigation Indices. .กรุณาลองใหม่อีกครั้งภายหลัง"
"Error while saving account. Please check all required fields","เกิดข้อผิดพลาดขณะบันทึกบัญชี. โปรดตรวจสอบฟิลด์ที่จำเป็นทั้งหมด"
"Error while saving account. Please try again later","ผิดพลาดขณะบันทึกบัญชีผู้ใช้. กรุณาลองใหม่อีกครั้งภายหลัง"
"Error while saving this configuration: ","พบข้อผิดพลาดขณะบันทึกการตั้งค่านี้:"
"Error while saving this role. Please try again later.","พบข้อผิดพลาดขณะบันทึกบทบาทนี้. กรุณาลองใหม่อีกครั้ง."
"Error while saving this template. Please try again later.","เกิดข้อผิดพลาดขณะบันทึกเทมเพลตนี้. โปรดลองอีกครั้งภายหลัง."
"Error while updating selected review(s). Please try again later.","พบข้อผิดพลาดขณะอัพเดทบทวิจารณ์ที่เลือก. กรุณาลองใหม่อีกครั้ง."
"Excl. Tax","ยกเว้น. ภาษี"
"Exclude","ยกเว้น"
"Exclude (comma separated)","ยกเว้น (แยกด้วยจุลภาค)"
"Expiration Date","วันหมดอายุ"
"Expiration Date: %s/%s","วันหมดอายุ: %s/%s"
"Export","ส่งออก"
"Export CSV","ส่งออก CSV"
"Export Filters","ส่งออกตัวกรอง"
"Export to:","ส่งออกไปยัง:"
"Export:","ส่งออก:"
"Extension","ส่วนขยาย"
"Extension Name","ชื่อ ส่วนขยาย"
"Extensions","ส่วนขยาย"
"FTP Host[:Port]","FTP Host[:Port]"
"Failed to add a product to cart by id ""%s""","เพิ่มสินค้าไปยังรถเข็นล้มเหลวโดย id ""%s"""
"Failed to load %1$s.xml or %1$s.ser","โหลดล้มเหลว %1$s.xml หรือ %1$s.ser"
"Field","ฟิลด์"
"Field Mapping","ฟิลด์ Mapping"
"File","ไฟล์"
"File Information","ข้อมูลไฟล์"
"File name:","ชื่อไฟล์:"
"File size should be more than 0 bytes","ขนาดของไฟล์ต้องมากกว่า 0 bytes"
"Final Price","ราคาสุดท้าย"
"Finished profile execution.","การจัดการโปรไฟล์เสร็จแล้ว."
"First Name","ชื่อ"
"First Name:","ชื่อ:"
"Firstname","ชื่อ"
"Fixed","คงที่"
"Flat Catalog Category rebuild error","ผิดพลาดขณะสร้างประเภท Flat Catalog "
"Flat Catalog Category was rebuilt successfully","สร้างประเภท Flat Catalog สำเร็จ"
"Flat Catalog Product rebuild error. Please try again later","สร้าง Flat Catalog สินค้าผิดพลาด. กรุณาลองใหม่อีกครั้งภายหลัง"
"Flat Catalog Product was rebuilt successfully","สร้าง Flat Catalog สินค้าสำเร็จ"
"Folder","โฟลเดอร์"
"For category","สำหรับ ประเภทสินค้า"
"For latest version visit: %s","สำหรับเยี่ยมชมเวอร์ชันล่าสุด: %s"
"For product","สำหรับสินค้า"
"Forgot your password?","ลืมรหัสผ่าน?"
"Forgot your user name or password?","ลืมชื่อผู้ใช้หรือรหัสผ่าน?"
"From","จาก"
"Gb","Gb"
"General Information","ข้อมูลทั่วไป"
"General Section","เซ็คชั่นทั่งไป"
"Get Image Base64","เรียกรูป Base64"
"Get help for this page","เรียกหน้าสำหรับช่วยเหลือ"
"Global Attribute","คุณลักษณะโดยรวม"
"Global Record Search","ค้นหาข้อมูลทั้งหมด"
"Global Search","ค้นหาข้อมูลทั้งหมด"
"Go Today","ไปยังวันนี้"
"Google Base","Google Base"
"Google Base Items","Google Base Items"
"Grand Total","รวมทั้งหมด"
"Grid (default) / List","Grid (default) / List"
"Grid only","Grid เท่านั้น"
"Group:","กลุ่ม:"
"Guest","ลูกค้า"
"HTTP (unsecure)","HTTP (unsecure)"
"HTTPS (SSL)","HTTPS (SSL)"
"Help Us Keep Magento Healthy - Report All Bugs","ช่วยกันทำให้ Magento ดียิ่งขึ้น - รายงานบั๊คทั้งหมด"
"Home","หน้าแรก"
"ID","รหัส"
"ID Path","ID Path"
"IP Address","IP Address"
"If this message persists, please contact the store owner.","ถ้าข้อความยังคงอยู่, โปรดติดต่อเจ้าของร้า้น."
"Ignore","ไม่สนใจ"
"Image cache was cleared successfully","เคลียร์แคชรูปภาพเรีบยร้อยแล้ว"
"Images","รูปภาพ"
"Images (.gif, .jpg, .png)","รูปภาพ (.gif, .jpg, .png)"
"Images Cache","แคชรูปภาพ"
"Import","นำเข้า"
"Import Service","บริการนำเข้า"
"Import/Export","นำเข้า/ส่งออก"
"Import/Export Advanced","นำเข้า/ส่งออก ขั้นสูง"
"Import/Export Profile","นำเข้า/ส่งออก โปรไฟล์"
"Imported <strong>%s</strong> records","นำเข้า <strong>%s</strong> บันทึก"
"In","ใน"
"In Database:","ในฐานข้อมูล:"
"In File:","ในไฟล์:"
"Inactive","ไม่ทำงาน"
"Incl. Tax","รวม. ภาษี"
"Include","รวม"
"Incoming Message","มีข้อความเข้า"
"Individual Item","สินค้าแต่ละรายการ"
"Install","ติดตั้ง"
"Install Package File","ติดตั้งแพ็ตเกจไฟล์"
"Installed As","ติดตั้งเป็น"
"Installed Extension Info","ข้อมูลการติดตั้งส่วนขยาย"
"Installed Version","เวอร์ชั่นที่ติดตั้ง"
"Installing $pkg, please wait...","กำลังติดตั้ง $pkg, กรุณารอสักครู่..."
"Installing selected packages, please wait...","กำลังติดตั้งแพ็คเกจที่เลือก,กรุณารอสักครู่..."
"Instant Payment Notification (IPN)","แจ้งการชำระเงินแบบด่วน (IPN)"
"Interactive","ทำงานร่วมกัน"
"Interface Locale: %s","การแสดงผลภาษา: %s"
"Invalid Form Key. Please refresh the page.","รูปแบบคีย์ไม่ถูกต้อง. โปรดรีเฟรชหน้านี้."
"Invalid Import Service Specified","การระบุบริการนำเข้าไม่ถูกต้อง"
"Invalid POST data (please check post_max_size and upload_max_filesize settings in you php.ini file)","ข้อมูล POST ไม่ถูกต้อง (กรุณาตรวจสอบ post_max_size และ upload_max_filesize ตั้งค่าในไฟล์ php.ini ของคุณ)"
"Invalid Secret Key. Please refresh the page.","คีย์ลับไม่ถูกต้อง. โปรดรีเฟรชหน้านี้."
"Invalid URL","URL ไม่ถูกต้อง"
"Invalid Username or Password.","ชื่อผู้ใช้หรือรหัสผ่านไม่ถูกต้อง."
"Invalid directory: %s","ไดเรททอรี่ไม่ถูกต้อง: %s"
"Invalid email address ""%s""","ที่อยู่อีเมลล์ไม่ถูกต้อง  ""%s"""
"Invalid file: %s","ไฟล์ไม่ถูกต้อง: %s"
"Invalid input data for %s => %s rate","ข้อมูลที่ป้อนเข้าสู่ระบบไม่ถูกต้องสำหรับ %s => %s อัตรา"
"Invalid input:","ใส่ข้อมูลไม่ถูกต้อง:"
"Invalid parrent block for this block","parrent block ไม่ถูกต้อง สำหรับ block นี้"
"Invalid section value","ค่า เซ็คชั่น ไม่ถูกต้อง"
"Invalid sender name ""%s""","ชื่อผู้ส่งไม่ถูกต้อง ""%s"""
"Invalid store value","ค่าร้านค้าไม่ถูกต้อง"
"Invalid website value","ค่าของเว็บไซต์ไม่ถูกต้อง"
"Inventory Stock Status","สถานะสินค้าคงคลังร้านค้า"
"Invoice #%s comment added","ใบแจ้งราคาสินค้า #%s แสดงความคิดเห็น"
"Invoice #%s created","ใบแจ้งราคาสินค้า #%s ถูกสร้างแล้ว"
"Invoice History","ประวัติใบแจ้งราคาสินค้า"
"Invoice Totals","ใบแจ้งราคาสินค้าทั้งหมด"
"Invoice and shipment was successfully created.","สร้างใบแจ้งราคาสินค้าและการส่งสินค้าเรีบยร้อยแล้ว."
"Invoice cancel error.","การยกเลิกใบแจ้งราคาสินค้าผิดพลาด."
"Invoice capture error","การยึดใบแจ้งราคาสินค้าผิดพลาด"
"Invoice void error","ผิดพลาดใบแจ้งราคาสินค้าเป็นโมฆะ"
"Invoice was successfully canceled.","ยกเลิกใบแจ้งราคาสินค้าเรียบร้อยแล้ว."
"Invoice was successfully captured","ยึดใบแจ้งราคาสินค้าเรียบร้อยแล้ว"
"Invoice was successfully created.","สร้างใบแจ้งราคาสินค้าเรียบร้อยแล้ว."
"Invoice was successfully voided","ใบแจ้งราคาสินค้าถูกยกเลิกเรียบร้อยแล้ว"
"Issue Number","จำนวนที่ส่งออกไป"
"Issuer: %s","Issuer: %s"
"Items","รายการ"
"Kb","Kb"
"Last 24 hours","24 ชั่วโมงล่าสุด"
"Last 5 Orders","คำสั่งซื้อ 5 คำสั่งซื้อล่าสุด"
"Last 5 Search Terms","คำค้นหา 5 รายการล่าสุด"
"Last 7 days","7 วันล่าสุด"
"Last Logged In (%s):","อยู่ในระบบล่าสุด (%s):"
"Last Logged In:","อยู่ในระบบล่าสุด:"
"Last Month","เดื่อนล่าสุด"
"Last Name","นามสกุล"
"Last Name:","นามสกุล:"
"Lastname","ชื่อล่าสุด"
"Latest Message:","ข้อความล่าสุด:"
"Layered Navigation Indices","Layered Navigation Indices"
"Layered Navigation Indices was refreshed successfully","Layered Navigation Indices was refreshed successfully"
"Layered Navigation Indices were refreshed successfully","Layered Navigation Indices were refreshed successfully"
"Layered Navigation indexing queue cancelled","Layered Navigation indexing queue cancelled"
"Layered Navigation indexing queued","Layered Navigation indexing queued"
"Layered Navigation process queued to be killed","Layered Navigation process queued to be killed"
"Leave empty to use tax identifier","ปล่อยว่างเพื่อใชตัวระบุภาษี"
"Level","ระดับ"
"License","ใบอนุญาต"
"License URI","ใบอนุญาต URI"
"License:","ใบอนุญาต:"
"Lifetime Sales","ยอดขายตลอดระยะเวลาการใช้งานทั้งหมด"
"Links","เข้าสู่ระบบ"
"List (default) / Grid","List (default) / Grid"
"List only","List only"
"Load Template","โหลด เทมเพลต"
"Load default template","โหลดเทมเพลตเริ่มต้น"
"Load local Package","โหลดแพ็คเกจพื้นฐาน"
"Loading...","กำลังโหลด..."
"Local Server","เซิร์ฟเวอร์พื้นฐาน"
"Local/Remote Server","เซิร์ฟเวอร์แบบ Local/Remote"
"Locale","สถานที่"
"Log Out","ออกจากระบบ"
"Log in to Admin Panel","ลงทะเบียนเข้าสู่ระบบการจัดการ"
"Log into Magento Admin Page","เข้าสู่ระบบไปยังหน้าผูดูแลระบบ"
"Logged in as %s","เข้าสู่ระบบแล้วในนามของ %s"
"Login","ลงทะเบียน"
"MAJOR","สำคัญมาก"
"MINOR","ไม่สำคัญ"
"MS Excel XML","MS Excel XML"
"Magento Admin","Magento Admin"
"Magento Commerce - Administrative Panel","Magento Commerce - แผงควบคุมการจัดการ"
"Magento Connect","Magento Connect"
"Magento Connect Manager","Magento Connect Manager"
"Magento Logo","Magento Logo"
"Magento is a trademark of Irubin Consulting Inc. DBA Varien. Copyright &copy; %s Irubin Consulting Inc.","Magento is a trademark of Irubin Consulting Inc. DBA Varien. Copyright &copy; %s Irubin Consulting Inc."
"Magento ver. %s","Magento ver. %s"
"Magento&trade; is a trademark of Irubin Consulting Inc. DBA Varien.<br/>Copyright &copy; %s Irubin Consulting Inc.","Magento&trade; is a trademark of Irubin Consulting Inc. DBA Varien.<br/>Copyright &copy; %s Irubin Consulting Inc."
"Maintainers","ผู้ดูแล"
"Manage Currency Rates","จัดการอัตราสกุลเงิน"
"Manage Customers","จัดการลูกค้า"
"Manage Installed Extensions","จัดการติดตั้งประเภทไฟล์"
"Manage Ratings","จัดการการให้คะแนน"
"Manage Stores","จัดการร้านค้า"
"Manage osCommerce Orders","Manage osCommerce Orders"
"Manage osCommerce Profiles","Manage osCommerce Profiles"
"Matched expression","Matched expression"
"Max","สูงสุด"
"Maximum","มากที่สุด"
"Mb","Mb"
"Media (.avi, .flv, .swf)","Media (.avi, .flv, .swf)"
"Merge Now","ผสานเดี๋ยวนี้"
"Messages Inbox","ข้อความในกล่องข้อความ"
"Min","น้อยที่สุด"
"Minimum","น้อยที่สุด"
"Month","เดือน"
"Most Viewed Products","สินค้าที่ดูมากที่สุด"
"Multiple Select","เลือกได้หลายอย่าง"
"My Account","บัญชีของฉัน"
"N/A","N/A"
"NOTICE","ข่าวสาร"
"Name","ชื่อ"
"Name on Card","ชื่อบนบัตร"
"Name on the Card: %s","ชื่อที่ปรากฏบนบัตร: %s"
"Name:","ชื่อ:"
"New Accounts","บัญชีใหม่"
"New Api Key","Api Key ใหม่"
"New Customers","ลูกค้าใหม่"
"New Email Template","เทมเพลตอีเมลล์ใหม่"
"New Extension","ส่วนขยาย ใหม่"
"New Item Type","ประเภทรายการใหม่"
"New Password","รหัสผ่านใหม่"
"New Profile","โปรไฟล์ใหม่"
"New Store View","มุมมองร้านค้าใหม่"
"New System Template","เทมเพลตระบบใหม่"
"New Tag","Tag ใหม่"
"New Template","เทมเพลตใหม่"
"New User","ผู้ใช้ใหม่"
"New Website","เว็บไซต์ใหม่"
"New admin password","รหัสผ่านใหม่ผู้ดูแลระบบ"
"Next month (hold for menu)","เดือนต่อไป (การควบคุมสำหรับเมนู)"
"Next page","หน้าต่อไป"
"Next year (hold for menu)","ปีต่อไป (การควบคุมสำหรับเมนู)"
"No","ไม่"
"No (price without tax)","ไม่ (ราคาไม่รวมภาษี)"
"No Data Found","ไม่พบข้อมูล"
"No Extensions Found","ไม่พบ ส่วนขยาย"
"No Templates Found","ไม่พบเทมเพลต"
"No change","ไม่มีการเปลี่ยนแปลง"
"No profile","ไม่มีโปรไฟล์"
"No profile loaded...","ไม่มีโปรๆฟล์ที่โหลดแล้ว..."
"No records found for this period.","ไม่พบข้อมูลในเวลานี้."
"No records found.","ไม่พบการบันทึก."
"No search keywords.","ไม่มีคำสำคัญในการค้นหา."
"No search modules registered","ไม่มีโมดูลการค้นหาที่ลงทะเบียนไว้"
"None","ไม่มีเลย"
"Note:","บันทึก:"
"Notes","บันทึก"
"Notes:","บันทึก:"
"Number of Orders","จำนวนของคำสั้งซื้อ"
"Number of Use","จำนวนที่ใช้"
"Number of Uses","จำนวนที่ใช้"
"Number of records:","จำนวนที่บันทึก:"
"Old rate:","อัตราเก่า:"
"One of options row has error","ข้อผิดพลาดหนึ่งในแถวของตัวเลือก"
"Only attributes with scope ""Global"", input type ""Dropdown"" and Use To Create Configurable Product ""Yes"" are available.","Only attributes with scope ""Global"", input type ""Dropdown"" and Use To Create Configurable Product ""Yes"" are available."
"Only mapped fields","เฉพาะฟิลด์ที่แมปแล้ว"
"Optional","ตัวเลือก"
"Options","ตัวเลือก"
"Order #%s","คำสั่งซื้อ #%s"
"Order #%s (%s)","คำสั่งซื้อ #%s (%s)"
"Order Totals","คำสั่งซื้อทั้งหมด"
"Order confirmation email not sent","ยังไม่ได้ส่งอีเมล์ยืนยันคำสั่งซื้อ"
"Order confirmation email sent","ส่งอีเมล์ยืนยันคำสั่งซื้อแล้ว"
"Order not longer exist","ไม่พบคำสั่งซื้อนี้"
"Order not longer exist.","ไม่พบคำสั่งซื้อนี้."
"Orders","คำสั้งซื้อ"
"Original Magento attribute names in first row:","ชื่อคุณลักษณะแรกเริ่มของ magento ในแถวแรก:"
"PEAR Configuration was successfully saved","บันทึกการตั้งค่า PEAR แล้ว"
"PEAR Console","คอนโซล PEAR "
"PEAR config","ตั้งค่า PEAR"
"PHP Version","เวอร์ชัน PHP"
"Package","แพ็คเกจ"
"Package %s data was successfully loaded","โหลดแพ็คเกจข้อมูล %s แล้ว"
"Package Extensions","แพ็คเกจประเภทไฟล์"
"Package File Name","ชื่อแพ็คเกจไฟล์"
"Package Info","ข้อมูลแพ็คเกจ"
"Package Information","ข้อมูลแ็พ็คเกจ"
"Packages","แพ็คเกจ"
"Page","หน้า"
"Parent Product Thumbnail","ภาพตัวอย่างที่มาของสินค้า"
"Passive mode","โหมด Passive"
"Password","รหัสผ่าน"
"Password Confirmation","ยืนยันรหัสผ่าน"
"Password:","รหัสผ่าน:"
"Path","Path"
"Path:","Path:"
"PayPal Email","PayPal อีเมลล์"
"Payment Data Transfer (PDT)","ส่งข้อมูลการชำระเงิน (PDT)"
"Payment method instance is not available","ตัวอย่างวิธีการชำระเงินไม่สามารถใช้ได้"
"Payment method is not available","วิธีการชำระเงินไม่สามารถใช้ได้"
"Payment method must be specified","ต้องระบุวิธีชำระเงิน"
"Pending Tags","Tags ที่รอตรวจสอบ "
"Pending installation...","การติดตั้งที่รอตรวจสอบ..."
"Per Item","ต่อรายการ"
"Per Order","ต่อคำสั่งซื้อ"
"Percent"," เปอร์เซ็นต์"
"Performed At","แสดงที่"
"Period","ระยะเวลา"
"Permanent (301)","Permanent (301)"
"Permissions","สิทธิ์"
"Personal Information","ข้อมูลส่วนตัว"
"Phone:","โทรศัพท์:"
"Please confirm site switching. All data that hasn\'t been saved will be lost.","กรุณายืนยันการเปลี่ยนไซต์ ข้อมูลทั้งหมดที่ไม่ได้บันทึกจะหายไป."
"Please enter 6 or more characters.","กรุณาใส่อย่างน้อย 6 ตัวอักษรหรือมากกว่า."
"Please enter a number greater than 0 in this field.","กรุณาใส่หมายเลขที่มากกว่า 0 ในฟิลด์นี้."
"Please enter a valid $ amount. For example $100.00.","กรุณาใส่จำนวนเงิน $ ที่ถูกต้อง ตัวอย่างเช่น $100.00."
"Please enter a valid URL. For example http://www.example.com or www.example.com","กรุณาใส่ URL ที่ถูกต้อง ตัวอย่างเช่น http://www.example.com หรือ www.example.com"
"Please enter a valid URL. http:// is required","กรุณาใส่ URL ที่ถูกต้อง โดยมี http://"
"Please enter a valid credit card number.","กรุณาใส่หมายเลขบัตรเครดิตที่ถูกต้อง."
"Please enter a valid date.","กรุณาใส่วันที่ที่ถูกต้อง."
"Please enter a valid email address. For example johndoe@domain.com.","กรุณาใส่อีเมลล์ที่ถูกต้อง ตัวอย่างเช่น johndoe@domain.com."
"Please enter a valid number in this field.","กรุณาใส่เลขที่ถูกต้องในฟิลด์นี้."
"Please enter a valid phone number. For example (123) 456-7890 or 123-456-7890.","กรุณาใส่หมายเลขโทรศัพท์ที่ถูกต้อง ตัวอย่างเช่น (123) 456-7890 หรือ 123-456-7890."
"Please enter a valid social security number. For example 123-45-6789.","กรุณาใส่หมายเลขประกันสังคมที่ถูกต้อง ตัวอยางเช่น 123-45-6789."
"Please enter a valid value from list","กรุณาใส่ค่าที่ถูกต้องจากรายการ"
"Please enter a valid value, ex: 10,20,30","กรุณาใส่ค่าที่ถูกต้อง, ตัวอย่าง: 10,20,30"
"Please enter a valid zip code.","กรุณาใส่รหัสไปรษณีย์ที่ถูกต้อง."
"Please enter a valid zip code. For example 90602 or 90602-1234.","กรุณาใส่รหัสไปรษณีย์ที่ถูกต้อง ตัวอย่างเช่น 90602 หรือ 90602-1234."
"Please enter valid password.","กรุณาใส่รหัสผ่านที่ถูกต้อง."
"Please fill in 'email' field.","กรุณาใส่อีเมลล์."
"Please make sure that all global admin search modules are installed and activated.","กรุณาตรวจสอบให้แน่ใจว่าโมดูลการค้นหา Global Admin ทุกโมดูลถูกติดตั้งและเปิดการใช้งานอยู่."
"Please make sure that your changes were saved before running the profile.","โปรดตรวจสอบให้แน่ใจว่าคุณได้บันทึกการเปลี่ยนแปลงก่อนที่จะทำการรันโปรไฟล์."
"Please make sure your passwords match.","กรุณาตรวจสอบให้แน่ใจว่ารหัสผ่านของคุณตรงกัน."
"Please select State/Province.","กรุณาเลือกรัฐ/จังหวัด."
"Please select a custmer","กรุณาเลือกลูกค้า"
"Please select a store","กรุณาเลือกร้านค้า"
"Please select an option.","กรุณาเลือกตัวเลือก."
"Please select catalog searches","กรุณาเลือกประเภทค้นหา"
"Please select customer(s)","กรุณาเลือกลูกค้า"
"Please select one of the above options.","กรุณาเลือกหนึ่งในตัวเลือกด้านบน."
"Please select one of the options.","กรุณาเลือกตัวเลือกใดตัวเลือกหนึ่ง."
"Please select review(s)","กรุณาเลือกบทวิจารณ์(s)"
"Please select tag(s)","กรุณาเลือก tag(s)"
"Please specify admin custom URL","กรุณาระบุผู้ดูแลระบบ ปรับปรุง URL"
"Please specify at least start or end date.","กรุณาระบุอย่างน้อยวันที่เริ่มหรือสิ้นสุด."
"Please try to logout and sign in again.","โปรดลองเพื่อออกจากระบบและเข้าสู่ระบบอีกครั้ง."
"Please use in this field only ""a-z,0-9,_"".","กรุณาใช้เฉพาะตัวอักษร ""a-z,0-9,_""."
"Please use letters only (a-z) in this field.","กรุณาใช้เฉพาะตัวอักษร (a-z) ในฟิลด์นี้."
"Please use numbers only in this field. please avoid spaces or other characters such as dots or commas.","กรุณาใช้เฉพาะตัวเลขในฟิลด์นี้ และห้ามเว้นวรรคหรือตัวอักษรอื่นเช่นจุดหรือเครื่องหมายจุลภาค."
"Please use only letters (a-z) or numbers (0-9) only in this field. No spaces or other characters are allowed.","กรุณาใช้เฉพาะตัวอักษร (a-z) หรือตัวเลข (0-9) ในฟิลด์นี้ ห้ามเว้นวรรคหรือใช้อักขระอื่น."
"Please use only letters (a-z) or numbers (0-9) or spaces and # only in this field.","กรุณาใช้เฉพาะตัวอักษร (a-z) หรือตัวเลข (0-9) หรือเว้นวรรคและ # เท่านั้นในฟิลด์นี้."
"Please use this date format: dd/mm/yyyy. For example 17/03/2006 for the 17th of March, 2006.","กรุณาเลือก format วันที่: dd/mm/yyyy ตัวอย่างเช่น 17/03/2006 สำหรับวันที่ 17 มีนาคม 2006."
"Please wait, loading...","โปรดรอสักครู่ กำลังโหลด..."
"Please wait...","กรุณารอสักครู่..."
"Please, add a few answers to this poll first","กรุณาเพิ่มคำตอบให้กับโพลนี้ก่อน"
"Please, select a store view","กรุณา, เลือกมุมมองร้านค้า"
"Please, select visible in stores to this poll first","กรุณา, เลือกให้แสดงในร้านคาให้กับโพลนี้้ก่อน"
"Poll Manager","การจัดการโพล"
"Poll was successfully deleted","ลบโพลแล้ว"
"Poll was successfully saved","บันทึกโพลแล้ว"
"Position of Watermark for %s","ตำแหน่งของลายน้ำสำหรับ %s"
"Preferred state","สภาพที่ดีกว่า"
"Preparing to change $pkg, please wait...","กำลังเตรียมการเปลี่ยนแปลง$pkg, โปรดรอสักครู่..."
"Prev. month (hold for menu)","เดือนก่อน (การควบคุมสำหรับเมนู)"
"Prev. year (hold for menu)","ปีก่อน (การควบคุมสำหรับเมนู)"
"Preview","แสดงตัวอย่าง"
"Preview Template","แสดงตัวอย่างเทมเพลต"
"Previous page","หน้าที่แล้ว"
"Price","ราคา"
"Price alert subscription was saved successfully","บันทึกการสมัครสมาชิกการแจ้งเตือนราคาแล้ว"
"Price:","ราคา:"
"Primary Billing Address","ที่อยู่หลักสำหรับออกใบเสร็จ"
"Processed <strong>%s%% %s/%d</strong> records","การดำเนินการรายการ <strong>%s%% %s/%d</strong> บันทึก"
"Product","สินค้า"
"Product Thumbnail Itself","ภาพตัวอย่างสินค้า"
"Product:","สินค้า:"
"Products","สินค้า"
"Profile Action","การกระทำโปรไฟล์"
"Profile Actions XML","การกระทำโปรไฟล์ XML"
"Profile Direction","การควบคุมโปรไฟล์"
"Profile History","ประวัติโปรไฟล์"
"Profile Information","ข้อมูลโปรไฟล์"
"Profile Name","ชื่อโปรไฟล์"
"Profile Wizard","โปรไฟล์ พิเศษ"
"Profile was deleted","ลบโปรไฟล์"
"Profile was successfully saved","บันทึกโปรไฟล์แล้ว"
"Profiles","โปรไฟล์"
"Promo","การโฆษณา"
"Promotions","โปรโมชั่น"
"Provided Files","เงื่อนไขไฟล์"
"Qty","จำนวน"
"Quantity","จำนวน"
"Queue Refresh","รีเฟรช คิว"
"Queued... Cancel","ยกเลิก คิว"
"Radio Buttons","Radio Buttons"
"Rates","อัตรา"
"Rating was successfully deleted","ลบการให้คะแนนแล้ว"
"Rating was successfully saved","บันทึกการให้คะแนนแล้ว"
"Read details","อ่านรายละเอียด"
"Rebuild","สร้างใหม่"
"Rebuild Catalog Index","สร้างแค็ตตาล็อกใหม่"
"Rebuild Flat Catalog Category","สร้างประเภท Flat Catalog ใหม่"
"Rebuild Flat Catalog Product","สร้าง Flat Catalog สินค้าใหม่"
"Recent Orders","คำสั่งซื้อล่าสุด"
"Recommended","แนะนำ"
"Recursive Dir","Recursive Dir"
"Redirect","เปลี่ยนเส้นทางใหม่"
"Refresh","รีเฟรช"
"Refresh Now*","รีเฟรช เดี๋ยวนี้*"
"Region/State","ภูมิภาค/รัฐ"
"Release","ออกวางจำหน่าย"
"Release Info","ข้อมูลออกวางจำหน่าย"
"Release Stability","ความเสถียรของการออกวางจำหน่าย"
"Release Version","เวอร์ชันที่ออกจำหน่าย"
"Remote Extension Info","ข้อมูลรีโมทส่วนขยาย"
"Remote FTP","Remote FTP"
"Remote URL:","Remote URL:"
"Remove","เอาออก"
"Reports","รายงาน"
"Request Path","Path ที่ต้องการ"
"Required","ต้องการ"
"Reset","รีเซ็ต"
"Reset Filter","รีเซ็ตการกรองใหม่"
"Resize","ลดขนาด"
"Resource Access","การเข้าถึงแหล่งที่มา"
"Resources","แหล่งที่มา"
"Results","ผลลัพธ์"
"Retrieve Password","เรียกข้อมูลรหัสผ่าน"
"Return Html Version","กลับไปเวอร์ชัน Html"
"Revenue","รายได้"
"Role","บทบาท"
"Role ID","รหัสบทบาท
"Role Info","ข้อมูลบทบาท"
"Role Information","ข้อมูลบทบาท"
"Role Name","ชื่อบทบาท"
"Role Resources","แหล่งที่มาของบทบาท"
"Role Scopes","ขอบเขตบทบาท"
"Role Users","บทบาทผู้ใช้"
"Role successfully deleted.","ลบบทบาทแล้ว."
"Role successfully saved.","บันทึกบทบาทแล้ว."
"Roles","บทบาท"
"Roles Resources","แหล่งที่มาของบทบาท"
"Rotate CCW","หมุน CCW"
"Rotate CW","หมุน CW"
"Run","ดำเนินการ"
"Run Profile","ดำเนินการโปรไฟล์"
"Run Profile In Popup","ดำเนินการโปรไฟล์ในป็อบอัพ"
"Run Profile Inside This Window","ดำเนินการโปรไฟล์ในหน้าต่างนี้"
"Run in popup","ดำเนินการในป็อบอัพ"
"Running... Kill","Running... Kill"
"Running:","กำลังดำเนินการ:"
"SKU","SKU"
"SKU:","SKU:"
"SSL Error: Invalid or self-signed certificate","SSL Error: Invalid or self-signed certificate"
"Sales Report","รายงานยอดขาย"
"Samples","ตัวอย่าง"
"Save","บันทึก"
"Save & Generate","Save & Generate"
"Save & Send Email","บันทึกและส่งอีเมลล์"
"Save Account","บันทึกบัญชี"
"Save And Continue Edit","บันทึกและแก้ไขต่อไป"
"Save As...","Save As..."
"Save Config","บันทึกการตั้งค่า"
"Save Currency Rates","บันทึกอัตราแลกเปลี่ยน"
"Save PEAR Config","บันทึกการตั้งค่า PEAR"
"Save Profile","บันทึกโปรไฟล์"
"Save Role","บันทึกบทบาท"
"Save Template","บันทึกเทมเพลต"
"Save User","บันทึกผู้ใช้"
"Save and Continue Editing","บันทึกและดำเนินการแก้ไขต่อไป"
"Save cache settings","บันทึกการตั้งค่าแคช"
"Save data and Create Package","บันทึกข้อมูลและสร้างแพ็คเกจ"
"Save package with custom package file name","บันทึกแพ็คเกจที่กำหนดชื่อไฟล์แพ็คเกจเอง"
"Schedule Merge","Schedule Merge"
"Search","ค้นหา"
"Search Index","Search Index"
"Search Index rebuild error. Please try again later","ดัชนีการค้นหาที่สร้างใหม่ข้อผิดพลาด. โปรดลองอีกครั้งภายหลัง"
"Search Index was rebuilt successfully","ดัชนีการค้นหาได้ถูกสร้างใหม่ได้สำเร็จ"
"Search Term","คำที่ใช้ค้นหา"
"Search Terms","คำที่ใช้ค้นหา"
"Select","เลือก"
"Select All","เลือกทั้งหมด"
"Select Category","Select Category"
"Select Date","เลือกวันที่"
"Select Range","เลือกลำดับ"
"Select Visible","เลือกให้แสดง"
"Select date","Select date"
"Select website to map","เลือกเว็บไซต์ไปยังแผนที่"
"Selected allow currency ""%s"" is not available in installed currencies","Selected allow currency ""%s"" is not available in installed currencies"
"Selected base currency is not available in installed currencies","Selected base currency is not available in installed currencies"
"Selected default display currency is not available in allowed currencies","Selected default display currency is not available in allowed currencies"
"Selected default display currency is not available in installed currencies","Selected default display currency is not available in installed currencies"
"Sender","ผู้ส่ง"
"Separate email","อีเมลล์เฉพาะบุคคล"
"Shipment #%s comment added","เพิ่มข้อคิดเห็นการส่งสินค้า #%s"
"Shipment #%s created","สร้างการส่งสินค้า #%s"
"Shipment Comments","ข้อคิดเห็นการส่งสินค้า"
"Shipment History","ประวัติการส่งสินค้า"
"Shipment was successfully created.","สร้างการส่งสินค้าเรียบร้อยแล้ว."
"Shipment was successfully sent.","ส่งสินค้าเรียบร้อยแล้ว."
"Shipping","การส่งสินค้า"
"Shipping Address","ที่อยู่ในการส่งสินค้า"
"Shipping Price","ราคาการส่งสินค้า"
"Shipping address","ที่อยู่ในการส่งสินค้า"
"Shipping address selection is not applicable","การเลือกที่อยู่การส่งสินค้าไม่สามารถปฏิบัติได้"
"Shipping method must be specified","ต้องระบุวิธีการส่งสินค้า"
"Shipping method selection is not applicable","การเลือกวิธีการส่งสินค้าไม่สามารถปฏิบัติได้"
"Shipping origin","ต้นทางการขนส่ง"
"Shopping Cart from %s","รถเข็นซื้อสินค้าจาก %s"
"Show Report for","แสดงรายงานสำหรับ"
"Show by","แสดงโดย"
"Show reviews","แสดงบทวิจารณ์"
"Sitemap Information","ข้อมูล Sitemap"
"Size for %s","ขนาดสำหรับ %s"
"Skip category selection","Skip category selection"
"Some items in this order have different invoice and shipment types. You can create shipment only after the invoice is created.","บางรายการในคำสั่งซื้อนี้ ใบส่งสินค้าและประเภทการส่งสินค้าแตกต่างกัน. คุณสามารถสร้างการส่งสินค้าเพียงเท่านั้นภายหลังการสร้างใบส่งสินค้าถูกสร้าง."
"Some of the ordered items don\'t exist in the catalog anymore and will be removed if you try to edit the order.","บางออเดอร์ไม่มีอยู่ในประเภท และอาจถูกย้ายออกไป ถ้าคุณพยายามแก้ไขออเดอร์."
"Sorry, this feature is coming soon...","ขออภัย ความสามารถนี้ยังใช้งานไม่ได้ขณะนี้..."
"Sort Order","จัดเรียงรายการ"
"Specific Countries","ประเทศที่ระบุ"
"Spreadsheet Name:","ชื่อ Spreadsheet:"
"Stability","ความเสถียร"
"Staging Store: ","Staging Store: "
"Staging Website - Merge Configuration","Staging Website - Merge Configuration"
"Staging Website: ","Staging Website: "
"Start Date","วันที่เริ่มต้น"
"Starting profile execution, please wait...","เริ่มการ execution โปรไฟล์กรุณารอสักครู่..."
"State/Province:","รัฐ/จังหวัด:"
"Status","สถานะ"
"Status:","สถานะ:"
"Stock Quantity:","จำนวนสินค้าในร้าน:"
"Stock notification was saved successfully","บันทึกการแจ้งเตือนคัลงสินค้าแล้ว"
"Store","ร้านค้า"
"Store Credit","เครดิตร้าน "
"Store Email Addresses Section","Store Email Addresses Section"
"Store View","มุมมองร้านค้า"
"Store:","ร้านค้า:"
"Store: ","ร้านค้า: "
"Subject","เรื่อง"
"Submit","ยืนยัน"
"Subpackage","แพ็คเกจย่อย"
"Subpackage can't be conflicting","แพ็คเกจย่อยไม่สามารถ conflicting"
"Subpackages","แพ็คเกจย่อย"
"Subtotal","รวม"
"Subtotal Amount","จำนวนรวม"
"Summary","สรุป"
"Summary:","สรุป:"
"Switch/Solo Only","Switch/Solo เท่านั้น"
"Switch/Solo card issue number: %s","Switch/Solo card issue number: %s"
"Switch/Solo card start Date: %s/%s","Switch/Solo card start Date: %s/%s"
"Switch/Solo/Maestro(UK Domestic) Only","Switch/Solo/Maestro(UK Domestic) Only"
"Switch/Solo/Maestro(UK Domestic) card issue number: %s","Switch/Solo/Maestro(UK Domestic) card issue number: %s"
"Switch/Solo/Maestro(UK Domestic) card start Date: %s/%s","Switch/Solo/Maestro(UK Domestic) card start Date: %s/%s"
"System","ระบบ"
"System Section","System Section"
"Tag was successfully deleted","ลบ  Tag แล้ว"
"Tag was successfully saved","บันทึก Tag แล้ว"
"Tags","Tags"
"Target Path","Path เป้าหมาย"
"Tax","ภาษี"
"Tb","Tb"
"Template","เทมเพลต"
"Template Content","เนื้อหาเทมเพลต"
"Template Information","ข้อมูลเทมเพลต"
"Template Name","ชื่อเทมเพลต"
"Template Subject","หัวข้อเทมเพลต"
"Template Type","ประเภทของเทมเพลต"
"Temporary (302)","Temporary (302)"
"Text","ข้อความ"
"The archive can be uncompressed with <a href=""%s"">%s</a> on Windows systems","สามารถแตกไฟล์เอกสารด้วย<a href=""%s"">%s</a>บนระบบ วินโดว์"
"The information in this tab has been changed.","ข้อมูลในแท็บนี้ถูกเปลี่ยนแปลงแล้ว."
"This account is","บัญชีผู้ใช้นี้"
"This account is inactive.","บัญชีนี้ไม่มีการใช้งาน."
"This attribute set don\'t have attributes which we can use for configurable product","ไม่มีคุณลักษณะที่เซ็ต แต่พวกเราใช้สำหรับสินค้าที่สามารถแก้ไขได้"
"This attribute shares the same value in all the stores","คุณลักษณะนี้ใช้ค่าร่วมกันในทุกร้านค้า"
"This is a demo store. Any orders placed through this store will not be honored or fulfilled.","นี่คือตัวอย่างร้านค้า. สินค้าใดๆที่สั่งซื้อผ่านทางร้านนี้จะไม่ได้การยืนยัน."
"This is a required field.","ต้องการข้อมูลในช่องนี้."
"This product is currently disabled","This product is currently disabled"
"This section is not allowed.","section นี้ไม่อนุญาต."
"This tab contains invalid data. Please solve the problem before saving.","แท็บนี้มีข้อมูลที่ไม่ถูกต้อง กรุณาแก้ไขปัญหาก่อนบันทึกข้อมูล."
"This user no longer exists","ไม่พบผู้ใช้ท่านนี้"
"Thumbnail","ภาพตัวอย่าง"
"Time","เวลา"
"Time selection:","Time selection:"
"Time:","เวลา:"
"To","ถึง"
"Toggle Editor","ตัวแก้ไข Toggle"
"Tools","เครื่องมือ"
"Top 5 Search Terms","คำค้นหา 5 อันดับสูงสุด"
"Total","ทั้งหมด"
"Total %d records found","ค้นพบทั้งหมด %d รายการ "
"Total Amount","จำนวนทั้งหมด"
"Total Invoiced","ใบแจ้งราคาสินค้าทั้งหมด"
"Total Order Amount","จำนวนคำสั่งซื้อทั้งหมด"
"Total Refunded","จำนวนเงินที่คืนทั้งหมด"
"Total of %d record(s) were successfully deleted","ลบรายการทั้งสิ้น %d รายการแล้ว"
"Total of %d record(s) were successfully updated","ปรับปรุงรายการทั้งสิ้น %d รายการแล้ว"
"Track order","ติดตามคำสั่งซื้อ"
"Track this shipment","ติดตามการส่งสินค้าชุดนี้"
"Tracking number %s for %s assigned","กำหนดหมายเลขติดตาม %s สำหรับ %s แล้ว"
"Tracking number can not be empty.","กำหนดหมายเลขติดตาม ห้ามว่าง."
"Transactional Emails","อีเมลล์ธุรกรรม"
"Type","ประเภท"
"Type:","ประเภท:"
"URL Rewrite Information","ข้อมูล URL ที่เขียนใหม่"
"URL Rewrite Management","การจัดการ URL ที่เขียนใหม่"
"URL Rewrite has been successfully deleted","URL ที่เขียนใหม่ได้รับการลบออก"
"URL Rewrite has been successfully saved","URL ที่เขียนใหม่ได้รับการบันทึก"
"Unable to find a poll to delete","ไม่พบโพลที่ต้องการลบ"
"Unable to find a tag to delete","ไม่พบ tag  ที่ต้องการลบ"
"Unable to find a user to delete","ไม่พบผู้ใช้ที่จะลบ"
"Unable to initialize import model","ไม่สามารถเริ่มนำเข้าโมเดล"
"Unable to save Cron expression","Unable to save Cron expression"
"Uninstall","ยกเลิกการติดตั้ง"
"Uninstalling $pkg, please wait...","กำลังยกเลิกการติดตั้ง $pkg โปรดรอสักครู่..."
"Uninstalling selected packages, please wait...","กำลังยกเลิกการติดตั้งแพ็คเกจที่เลือก โปรดรอสักครู่..."
"Unknown","ไม่รู้จัก"
"Unknown error","ไม่รู้จักข้อผิดพลาด"
"Unlimited","ไม่จำกัด"
"Unselect All","ไม่เลือกทั้งหมด"
"Unselect Visible","ไม่เลือกให้แสดง"
"Update","ปรับปรุง"
"Updated At","ปรับปรุงเมื่อ"
"Upgrade","อัฟเกรด"
"Upgrade All Available Packages","อัพเกรดทุกแพ็คเกจที่สามารถใช้ได้"
"Upgrade all available packages","อัพเกรดทุกแพ็คเกจที่สามารถใช้ได้"
"Upgrade all packages","อัพเกรดทุกแพ็คเกจ"
"Upgrading $pkg, please wait...","กำลังอัพเกรด $pkg โปรดรอสักครู่..."
"Upgrading all available packages, please wait...","กำลังอัพเกรดทุกแพ็คเกจที่ใช้ได้ โปรดรอสักครู่..."
"Upgrading all packages, please wait...","กำลังอัพเกรดทุกแพ็คเกจ โปรดรอสักคร..."
"Upgrading selected packages, please wait...","กำลังอัพเกรดแพ็คเกจที่เลือก โปรดรอสักครู่..."
"Upload File","อัพโหลดไฟล์"
"Upload Files","อัพโหลดไฟล์"
"Upload HTTP Error","เกิดความผิดพลาดในการอัพโหลด HTTP"
"Upload I/O Error","พบข้อผิดพลาดในการอัพโหลด I/O"
"Upload Local File","อัพโหลดไฟล์โลคอล"
"Upload Security Error","อัพโหลดข้อผิดพลาดความปลอดภัย"
"Upload and Install","อัพโหลดและติดตั้ง"
"Upload import file","อัพโหลดไฟล์ที่นำเข้า"
"Upload local file:","อัฟโหลด ไฟล์ local:"
"Use Config Settings","ใช้การตั้งค่า Config"
"Use Default Value","ใช้ค่าเริ่มต้น"
"Use Store Credit (%s available)","ใช้เครดิตร้านค้า (%s ใช้ได้)"
"Use default","ใช้ค่าเริ่มต้น"
"Use website","ใช้เว็บไซต์"
"User","ผู้ใช้"
"User Email","อีเมลล์ผู้ใช้"
"User ID","รหัสผู้ใช้"
"User Info","ข้อมูลผู้ใช้"
"User Information","ข้อมูลผุ้ใช้"
"User Name","ชื่อผู้ใช้"
"User Name:","ชื่อผู้ใช้:"
"User Role","บทบาทผู้ใช้"
"User Roles","บทบาทผู้ใช้"
"User Roles Information","ข้อมูลบทบาทผู้ใช้"
"User name","ชื่อผู้ใช้"
"User was successfully deleted","ลบผู้ใช้แล้ว"
"User was successfully saved","บันทึกผู้ใช้แล้ว"
"User with the same User Name or Email aleady exists","ผู้ใช้มีชื่อผู้ใช้หรืออีเมลล์นี้อยู่แล้ว"
"Users","ผู้ใช้"
"Value","ค่า"
"Value Delimiter:","ค่าจำกัดจำนวน:"
"Version","เวอร์ชัน"
"Version:","เวอร์ชัน:"
"View","แสดง"
"View Actions XML","ดูการกระทำ XML"
"View Statistics for","มุมมองสถิติสำหรับ"
"Visibility:","เลือกให้แสดง:"
"Warning! Empty value can cause problems with CSV format.","Warning! Empty value can cause problems with CSV format."
"Warning!\r\nThis action will remove this user from already assigned role\r\nAre you sure?","คำเตืือน!\r\nการกระทำนี้จะลบผู้ใช้นี้จากบาบาทที่กำนหดไว้แล้ว\r\nคุณแน่ใจ?"
"Warning!\r\nThis action will remove those users from already assigned roles\r\nAre you sure?","คำเตืือน!\r\nnการกระทำนี้จะลบผู้ใช้เหล่านั้นจากบาบาทที่กำนหดไว้แล้ว\r\nคุณแน่ใจ?"
"Warning: Please don't close window during importing/exporting data","คำเตืือน: กรุณาปิดอย่าปิดหน้าต่างนี้ในระหว่าง นำเข้า/ส่งออกข้อมูล"
"Watermark File for %s","ไฟล์ลายน้ำสำหรับ %s"
"We detected that your JavaScript seem to be disabled.","เราตรวจพบว่าคุณใช้ JavaScript ดูเหมือนจะปิดการใช้งาน."
"We\'re in our typing table, coding away more features for Magento. Thank you for your patience.","We\'re in our typing table, coding away more features for Magento. Thank you for your patience."
"Web Section","Web Section"
"Web Services","เว็บบริการ"
"Web services","เว็บบริการ"
"Website","เว็บไซต์"
"Website: ","เว็บไซต์: "
"What is this?","นี่คืออะไร?"
"Wishlist Report","รายงาน Wishlist "
"Wrong column format","รปูแบบคอลัมม์ผิดพลาด"
"Wrong newsletter template.","เทมเพลตจดหมายข่าวผิด."
"Wrong tab configuration","การตั้งค่าแท็บผิดพลาด"
"XML","XML"
"YTD","YTD"
"Year","ปี"
"Yes","ใช่"
"Yes (only price with tax)","ใช่ (ราคารวมภาษีเท่านั้น)"
"You can not delete self assigned roles.","คุณไม่สามารถลบบทบาทของตัวเอง."
"You cannot delete account of yourself","คุณไม่สามารถลบบัญชีของคุณเอง"
"You have","คุณมี"
"You have not enought permissions to login.","คุณไม่มีการอนุญาตที่จะเข้าสู้ระบบ."
"You have not enought permissions to use this functionality.","คุณไม่มี การอนุญาตที่จะใช้ การทำงานนี้."
"You must have JavaScript enabled in your browser to utilize the functionality of this website.","คุณต้องเปิดใช้งาน JavaScript ในเบราเซอร์ของคุณเพื่อใช้การทำงานของเว็บไซต์นี้"
"You need specify carrier.","คุณจำเป็นต้องระบุผู้ส่ง."
"You need to specify order items","คุณต้องระบุรายการคำสั่งซื้อ"
"You successfully logged out.","คุณออกจากระบบแล้ว."
"Your answers contain duplicates.","คำตอบของคุณถูกทำสำเนา."
"Your server PHP settings allow you to upload files not more than %s at a time. Please modify post_max_size (currently is %s) and upload_max_filesize (currently is %s) values in php.ini if you want to upload larger files.","Your server PHP settings allow you to upload files not more than %s at a time. Please modify post_max_size (currently is %s) and upload_max_filesize (currently is %s) values in php.ini if you want to upload larger files."
"Zip/Postal Code","รหัสไปรษณีย์"
"Zip/Postal Code:","รหัสไปรษณีย์:"
"[ deleted ]","[ลบ ]"
"[deleted]","[ลบ]"
"b","b"
"close","ปิด"
"critical","เกี่ยวกับการวิจารณ์"
"example: ""sitemap/"" or ""/"" for base path (path must be writeable)","ตัวอย่าง : ""sitemap/"" หรือ ""/"" สำหรับ base path (path จะต้องเขียนบันทึกได้)"
"example: sitemap.xml","ตัวอย่าง: sitemap.xml"
"from","จาก"
"images/logo.gif","images/logo.gif"
"items selected","รายการที่เลือก"
"major","major"
"md5sum","md5sum"
"minor","minor"
"notice","notice"
"of %s pages","จาก %s หน้า"
"or","หรือ"
"per page","ต่อหน้า"
"store(%s) scope","ขอบเขต ร้านค้า(%s)"
"to","ถึง"
"website(%s) scope","ขอบเขตเว็บไซต์(%s)"
"{{base_url}} is not recommended to use in a production environment to declare the Base Unsecure Url / Base Secure Url. It is highly recommended to change this value in you Magento <a href=""%s"">configuration</a>.","{{base_url}} ไม่แนะนำให้ใช้กับเว็บไซต์จริง ในการประกาศค่าที่อยู่ของ  Base Unsecure Url / Base Secure Url.แนะนำให้เปลี่ยนแปลงค่านี้ใน   Magento <a href=""%s"">คอนฟิค</a>."
